date,equity
2014-01-02,10000.0
2014-01-03,10000.0
2014-01-06,10000.0
2014-01-07,10000.0
2014-01-08,10000.0
2014-01-09,10000.0
2014-01-10,10000.0
2014-01-13,10000.0
2014-01-14,10000.0
2014-01-15,10000.0
2014-01-16,10000.0
2014-01-17,10000.0
2014-01-20,10000.0
2014-01-21,10000.0
2014-01-22,10000.0
2014-01-23,10000.0
2014-01-24,10000.0
2014-01-27,10000.0
2014-01-28,10000.0
2014-01-29,10000.0
2014-01-30,10000.0
2014-01-31,10000.0
2014-02-03,10000.0
2014-02-04,10000.0
2014-02-05,10000.0
2014-02-06,10000.0
2014-02-07,10000.0
2014-02-10,10000.0
2014-02-11,10000.0
2014-02-12,10000.0
2014-02-13,10000.0
2014-02-14,10000.0
2014-02-17,10000.0
2014-02-18,10000.0
2014-02-19,10000.0
2014-02-20,10000.0
2014-02-21,10000.0
2014-02-24,10000.0
2014-02-25,10000.0
2014-02-26,10000.0
2014-02-27,10000.0
2014-02-28,10000.0
2014-03-03,10000.0
2014-03-04,10000.0
2014-03-05,10000.0
2014-03-06,10000.0
2014-03-07,10000.0
2014-03-10,9970.587508645545
2014-03-11,9973.061927364974
2014-03-12,10013.65625
2014-03-13,10011.568331448592
2014-03-14,10009.070230836547
2014-03-17,10027.358461816406
2014-03-18,10027.358461816406
2014-03-19,10027.358461816406
2014-03-20,10027.358461816406
2014-03-21,10027.358461816406
2014-03-24,10027.358461816406
2014-03-25,10027.358461816406
2014-03-26,10027.358461816406
2014-03-27,9986.556979671519
2014-03-28,9993.633178807908
2014-03-31,9977.599812144483
2014-04-01,10034.133765721082
2014-04-02,10029.87075947361
2014-04-03,9972.336225420797
2014-04-04,9967.949408519762
2014-04-07,9908.414929759409
2014-04-08,9991.754400443675
2014-04-09,10020.27044567717
2014-04-10,10012.832168404942
2014-04-11,9933.557448111696
2014-04-14,9968.852398244491
2014-04-15,9972.36121127229
2014-04-16,9899.740304255272
2014-04-17,9913.052726046979
2014-04-21,9907.899374176664
2014-04-22,9939.97701793245
2014-04-23,9944.996973848098
2014-04-24,9983.29773435519
2014-04-25,9936.745239598076
2014-04-28,9924.347466179159
2014-04-29,9952.06230405856
2014-04-30,9942.353750745602
2014-05-01,9935.301931691938
2014-05-02,9909.412550451865
2014-05-05,9841.518613957502
2014-05-06,9778.399803731809
2014-05-07,9808.77730837303
2014-05-08,9839.907826909071
2014-05-09,9822.184432689386
2014-05-12,9850.520625096078
2014-05-13,9849.699261600139
2014-05-14,9842.581439376016
2014-05-15,9819.311423068873
2014-05-16,9813.83622340389
2014-05-19,9828.071972284875
2014-05-20,9810.47051900228
2014-05-21,9836.972632925454
2014-05-22,9860.850390243799
2014-05-23,9860.302849390751
2014-05-26,9860.302849390751
2014-05-27,9860.114759052842
2014-05-28,9860.114759052842
2014-05-29,9860.114759052842
2014-05-30,9841.233250310219
2014-06-02,9838.990721579927
2014-06-03,9829.9707194929
2014-06-04,9796.02114339279
2014-06-05,9762.540512406857
2014-06-06,9729.959317791414
2014-06-09,9704.495193960507
2014-06-10,9700.903373961406
2014-06-11,9698.073615567597
2014-06-12,9644.222509131792
2014-06-13,9684.129773026885
2014-06-16,9660.865452941784
2014-06-17,9678.473099629806
2014-06-18,9682.88655460416
2014-06-19,9682.88655460416
2014-06-20,9682.88655460416
2014-06-23,9682.88655460416
2014-06-24,9682.88655460416
2014-06-25,9665.284520442854
2014-06-26,9676.200996423673
2014-06-27,9682.113921298096
2014-06-30,9667.217698812723
2014-07-01,9677.679140886528
2014-07-02,9671.652479224289
2014-07-03,9681.772797690399
2014-07-04,9681.772797690399
2014-07-07,9688.368143291715
2014-07-08,9662.214321217827
2014-07-09,9662.214321217827
2014-07-10,9641.559444373574
2014-07-11,9639.176550567749
2014-07-14,9678.426836337752
2014-07-15,9644.045047921192
2014-07-16,9641.164935230074
2014-07-17,9561.129985077618
2014-07-18,9598.820152263726
2014-07-21,9566.126041126981
2014-07-22,9567.633829001426
2014-07-23,9587.77532340403
2014-07-24,9585.102332641558
2014-07-25,9539.587421435814
2014-07-28,9541.383994216978
2014-07-29,9569.778028837964
2014-07-30,9514.933863099875
2014-07-31,9381.022823837884
2014-08-01,9369.615690529981
2014-08-04,9397.130405375887
2014-08-05,9443.185537230805
2014-08-06,9403.00255274771
2014-08-07,9368.609333656515
2014-08-08,9324.295760036743
2014-08-11,9343.963326117655
2014-08-12,9343.734481315802
2014-08-13,9343.304769331466
2014-08-14,9333.042723540722
2014-08-15,9362.992091299384
2014-08-18,9379.960366666282
2014-08-19,9361.987284076595
2014-08-20,9387.456838435328
2014-08-21,9335.90791465598
2014-08-22,9323.322825335947
2014-08-25,9330.235408139662
2014-08-26,9330.235408139662
2014-08-27,9330.235408139662
2014-08-28,9330.235408139662
2014-08-29,9330.235408139662
2014-09-01,9330.235408139662
2014-09-02,9330.235408139662
2014-09-03,9330.235408139662
2014-09-04,9319.713566976417
2014-09-05,9311.798364136892
2014-09-08,9223.254276113757
2014-09-09,9206.754481734333
2014-09-10,9200.012261403961
2014-09-11,9181.61426178536
2014-09-12,9192.979338178613
2014-09-15,9197.778971225778
2014-09-16,9206.868340213854
2014-09-17,9186.687264185335
2014-09-18,9141.692911351458
2014-09-19,9079.771085801902
2014-09-22,9025.339603197233
2014-09-23,9007.095678751068
2014-09-24,8930.526327105155
2014-09-25,8784.469555890319
2014-09-26,8852.78716501273
2014-09-29,8800.384796385551
2014-09-30,8765.028931315397
2014-10-01,8744.86458449749
2014-10-02,8697.949578275999
2014-10-03,8666.084486738735
2014-10-06,8689.555718238726
2014-10-07,8640.597898484788
2014-10-08,8664.680150787764
2014-10-09,8617.927050556344
2014-10-10,8534.434620115762
2014-10-13,8476.092321934642
2014-10-14,8546.867658890891
2014-10-15,8501.500115022856
2014-10-16,8491.217887085295
2014-10-17,8468.072457237959
2014-10-20,8543.288227216635
2014-10-21,8530.799863007687
2014-10-22,8509.81600519123
2014-10-23,8492.896931517662
2014-10-24,8468.52689992851
2014-10-27,8481.31383428077
2014-10-28,8490.649404371361
2014-10-29,8502.84565702674
2014-10-30,8493.329797550752
2014-10-31,8451.479171845202
2014-11-03,8416.503093873735
2014-11-04,8369.199539732028
2014-11-05,8326.194710653153
2014-11-06,8308.320560679827
2014-11-07,8323.293806615387
2014-11-10,8299.75516950907
2014-11-11,8309.020667801607
2014-11-12,8293.131768957555
2014-11-13,8246.331463385004
2014-11-14,8276.04012651878
2014-11-17,8273.047713803586
2014-11-18,8272.665392879175
2014-11-19,8272.665392879175
2014-11-20,8272.665392879175
2014-11-21,8272.665392879175
2014-11-24,8272.665392879175
2014-11-25,8272.665392879175
2014-11-26,8272.665392879175
2014-11-27,8272.665392879175
2014-11-28,8262.384102111078
2014-12-01,8315.834756716882
2014-12-02,8254.21438922026
2014-12-03,8263.378433550173
2014-12-04,8241.069096921105
2014-12-05,8169.343346638219
2014-12-08,8098.692522743031
2014-12-09,8098.675759178333
2014-12-10,7975.58769093236
2014-12-11,7993.812526477828
2014-12-12,7855.274493475928
2014-12-15,7851.758935837733
2014-12-16,7867.504048108511
2014-12-17,7846.781853020793
2014-12-18,7847.9724307165325
2014-12-19,7896.49137813686
2014-12-22,7888.643781527007
2014-12-23,7927.704981135403
2014-12-24,7910.325558404413
2014-12-26,7890.486503848143
2014-12-29,7866.406224168436
2014-12-30,7844.366813720665
2014-12-31,7825.829357175591
2015-01-02,7782.5201404215395
2015-01-05,7723.781261708288
2015-01-06,7721.174200297767
2015-01-07,7738.536275268556
2015-01-08,7725.817370375569
2015-01-09,7715.635426938073
2015-01-12,7680.8253658829235
2015-01-13,7658.559602001216
2015-01-14,7694.884261572354
2015-01-15,7674.545014716277
2015-01-16,7726.169768562052
2015-01-19,7766.790559761246
2015-01-20,7713.737711005875
2015-01-21,7713.737711005875
2015-01-22,7713.737711005875
2015-01-23,7713.737711005875
2015-01-26,7713.737711005875
2015-01-27,7713.737711005875
2015-01-28,7708.183902994911
2015-01-29,7731.30687685205
2015-01-30,7685.906965058214
2015-02-02,7710.721795616779
2015-02-03,7719.745389923481
2015-02-04,7719.699259489479
2015-02-05,7719.699259489479
2015-02-06,7719.699259489479
2015-02-09,7719.699259489479
2015-02-10,7719.699259489479
2015-02-11,7719.699259489479
2015-02-12,7719.699259489479
2015-02-13,7719.699259489479
2015-02-16,7719.699259489479
2015-02-17,7719.699259489479
2015-02-18,7719.699259489479
2015-02-19,7719.699259489479
2015-02-20,7719.699259489479
2015-02-23,7719.699259489479
2015-02-24,7719.699259489479
2015-02-25,7719.699259489479
2015-02-26,7719.699259489479
2015-02-27,7719.699259489479
2015-03-02,7719.699259489479
2015-03-03,7719.699259489479
2015-03-04,7719.699259489479
2015-03-05,7719.699259489479
2015-03-06,7701.576502893967
2015-03-09,7703.848361071071
2015-03-10,7671.280733709395
2015-03-11,7605.615461258071
2015-03-12,7609.776306837292
2015-03-13,7592.921878990755
2015-03-16,7607.384331793771
2015-03-17,7602.703031697611
2015-03-18,7639.071435173732
2015-03-19,7604.390029752532
2015-03-20,7625.792501857102
2015-03-23,7637.082226746703
2015-03-24,7625.956616302184
2015-03-25,7621.088393953124
2015-03-26,7618.626378120832
2015-03-27,7592.063268322249
2015-03-30,7651.704189730966
2015-03-31,7611.563450023234
2015-04-01,7578.566048979109
2015-04-02,7576.396288742557
2015-04-06,7587.652120432713
2015-04-07,7583.152975300437
2015-04-08,7583.152975300437
2015-04-09,7583.152975300437
2015-04-10,7583.152975300437
2015-04-13,7583.152975300437
2015-04-14,7583.152975300437
2015-04-15,7583.152975300437
2015-04-16,7583.152975300437
2015-04-17,7583.152975300437
2015-04-20,7583.152975300437
2015-04-21,7583.152975300437
2015-04-22,7583.152975300437
2015-04-23,7583.152975300437
2015-04-24,7583.152975300437
2015-04-27,7583.152975300437
2015-04-28,7583.152975300437
2015-04-29,7567.745203134538
2015-04-30,7566.973897791593
2015-05-01,7588.675024532932
2015-05-04,7588.675024532932
2015-05-05,7588.675024532932
2015-05-06,7579.713838194324
2015-05-07,7583.349097430499
2015-05-08,7594.215658912376
2015-05-11,7594.215658912376
2015-05-12,7594.215658912376
2015-05-13,7594.215658912376
2015-05-14,7594.215658912376
2015-05-15,7594.215658912376
2015-05-18,7594.215658912376
2015-05-19,7594.215658912376
2015-05-20,7594.215658912376
2015-05-21,7594.215658912376
2015-05-22,7594.215658912376
2015-05-25,7594.215658912376
2015-05-26,7594.215658912376
2015-05-27,7594.215658912376
2015-05-28,7594.215658912376
2015-05-29,7594.215658912376
2015-06-01,7594.215658912376
2015-06-02,7594.215658912376
2015-06-03,7594.215658912376
2015-06-04,7594.215658912376
2015-06-05,7594.215658912376
2015-06-08,7586.279835670433
2015-06-09,7578.105075815848
2015-06-10,7569.4174509588765
2015-06-11,7571.856725126495
2015-06-12,7554.856166060125
2015-06-15,7540.755141213945
2015-06-16,7571.301273544483
2015-06-17,7536.289435280212
2015-06-18,7496.045711059798
2015-06-19,7474.444444137432
2015-06-22,7515.4206360433855
2015-06-23,7507.122921494717
2015-06-24,7528.111665782981
2015-06-25,7526.520366825866
2015-06-26,7495.969356466051
2015-06-29,7405.490260407438
2015-06-30,7380.701299260951
2015-07-01,7336.797643021448
2015-07-02,7350.346426276443
2015-07-03,7347.586637131063
2015-07-06,7272.983344349312
2015-07-07,7211.568170153696
2015-07-08,7103.85737712168
2015-07-09,7089.924906366649
2015-07-10,7105.259501588552
2015-07-13,7099.0589544998875
2015-07-14,7111.541457791699
2015-07-15,7107.135839560797
2015-07-16,7093.919054893014
2015-07-17,7100.778047576404
2015-07-20,7029.543883182113
2015-07-21,7021.1396079063215
2015-07-22,7008.410169083042
2015-07-23,7010.400585598764
2015-07-24,6979.5059913113455
2015-07-27,6955.789705039804
2015-07-28,6996.701225856763
2015-07-29,6990.689568860667
2015-07-30,6981.277755051135
2015-07-31,6983.1834775248135
2015-08-03,6904.205419703721
2015-08-04,6848.148708163219
2015-08-05,6812.64734840084
2015-08-06,6806.8728442133615
2015-08-07,6812.917318194389
2015-08-10,6840.591500149336
2015-08-11,6832.357835579927
2015-08-12,6829.582670972688
2015-08-13,6750.684303560638
2015-08-14,6756.568247781932
2015-08-17,6748.796983785249
2015-08-18,6771.750452999802
2015-08-19,6698.855532694808
2015-08-20,6675.501313021552
2015-08-21,6715.89645387184
2015-08-24,6554.243657955128
2015-08-25,6422.349642690519
2015-08-26,6425.513314858344
2015-08-27,6488.752029525874
2015-08-28,6485.080738603163
2015-08-31,6485.080738603163
2015-09-01,6485.080738603163
2015-09-02,6485.080738603163
2015-09-03,6485.080738603163
2015-09-04,6485.080738603163
2015-09-07,6485.080738603163
2015-09-08,6485.080738603163
2015-09-09,6485.080738603163
2015-09-10,6485.080738603163
2015-09-11,6485.080738603163
2015-09-14,6485.080738603163
2015-09-15,6485.080738603163
2015-09-16,6485.080738603163
2015-09-17,6485.080738603163
2015-09-18,6485.080738603163
2015-09-21,6485.080738603163
2015-09-22,6469.230212163673
2015-09-23,6415.005494697953
2015-09-24,6415.235717732766
2015-09-25,6406.095906574596
2015-09-28,6350.044588039532
2015-09-29,6331.776380968756
2015-09-30,6315.692097971387
2015-10-01,6250.902439930643
2015-10-02,6241.135540462179
2015-10-05,6254.897393171192
2015-10-06,6232.882652656668
2015-10-07,6219.89460536563
2015-10-08,6238.27749114904
2015-10-09,6166.558510662869
2015-10-12,6152.445525359064
2015-10-13,6117.818855154927
2015-10-14,6109.984970083349
2015-10-15,6070.738472552408
2015-10-16,6075.550291829518
2015-10-19,6085.17399593986
2015-10-20,6083.142061276393
2015-10-21,6083.142061276393
2015-10-22,6083.142061276393
2015-10-23,6083.142061276393
2015-10-26,6083.142061276393
2015-10-27,6083.142061276393
2015-10-28,6083.142061276393
2015-10-29,6083.142061276393
2015-10-30,6083.142061276393
2015-11-02,6083.142061276393
2015-11-03,6083.142061276393
2015-11-04,6083.142061276393
2015-11-05,6083.142061276393
2015-11-06,6070.0304557617765
2015-11-09,6070.281331377404
2015-11-10,6070.532104928096
2015-11-11,6043.524288638791
2015-11-12,6037.876029987237
2015-11-13,6036.556638163793
2015-11-16,6040.112182969668
2015-11-17,6057.477652838844
2015-11-18,5967.389714082318
2015-11-19,5990.720231560061
2015-11-20,5989.484150495365
2015-11-23,5912.643988235324
2015-11-24,5932.4015708308025
2015-11-25,5960.495393282386
2015-11-26,5960.495393282386
2015-11-27,5895.759944479563
2015-11-30,5906.4357980266095
2015-12-01,5905.076955839489
2015-12-02,5892.26149529855
2015-12-03,5913.498650727095
2015-12-04,5875.698891934007
2015-12-07,5837.816099361086
2015-12-08,5841.358338416792
2015-12-09,5758.715094906422
2015-12-10,5847.047882107102
2015-12-11,5732.890851286885
2015-12-14,5658.835536068813
2015-12-15,5762.659459415371
2015-12-16,5724.120402963109
2015-12-17,5717.073018488369
2015-12-18,5689.934828214232
2015-12-21,5690.898292553853
2015-12-22,5688.043946697854
2015-12-23,5787.660698327647
2015-12-24,5730.070213634731
2015-12-25,5730.070213634731
2015-12-28,5720.408620355744
2015-12-29,5735.739409975998
2015-12-30,5724.401017293465
2015-12-31,5707.95236140418
2016-01-04,5688.378164721734
2016-01-05,5694.447721974542
2016-01-06,5677.435282101128
2016-01-07,5575.870619773247
2016-01-08,5559.081920452963
2016-01-11,5539.68322416545
2016-01-12,5579.8321442854885
2016-01-13,5489.323039392239
2016-01-14,5506.474644213898
2016-01-15,5394.851603056311
2016-01-18,5394.851603056311
2016-01-19,5414.8791932704935
2016-01-20,5302.159202461698
2016-01-21,5314.906609070105
2016-01-22,5359.009205491524
2016-01-25,5317.720639865368
2016-01-26,5356.800397831834
2016-01-27,5288.551027342537
2016-01-28,5278.219260709295
2016-01-29,5307.999936998866
2016-02-01,5306.011780656751
2016-02-02,5256.141423059751
2016-02-03,5256.141423059751
2016-02-04,5256.141423059751
2016-02-05,5256.141423059751
2016-02-08,5258.2777057117455
2016-02-09,5256.877688265023
2016-02-10,5260.168673489465
2016-02-11,5251.359876221539
2016-02-12,5272.495585246017
2016-02-15,5272.495585246017
2016-02-16,5244.576240633194
2016-02-17,5244.576240633194
2016-02-18,5244.576240633194
2016-02-19,5244.576240633194
2016-02-22,5244.576240633194
2016-02-23,5244.576240633194
2016-02-24,5244.576240633194
2016-02-25,5244.576240633194
2016-02-26,5244.576240633194
2016-02-29,5244.576240633194
2016-03-01,5244.576240633194
2016-03-02,5244.576240633194
2016-03-03,5244.576240633194
2016-03-04,5244.576240633194
2016-03-07,5244.576240633194
2016-03-08,5244.576240633194
2016-03-09,5244.576240633194
2016-03-10,5244.576240633194
2016-03-11,5244.576240633194
2016-03-14,5244.576240633194
2016-03-15,5244.576240633194
2016-03-16,5244.576240633194
2016-03-17,5244.576240633194
2016-03-18,5244.576240633194
2016-03-21,5244.576240633194
2016-03-22,5244.576240633194
2016-03-23,5244.576240633194
2016-03-24,5244.576240633194
2016-03-28,5244.576240633194
2016-03-29,5244.576240633194
2016-03-30,5244.576240633194
2016-03-31,5244.576240633194
2016-04-01,5244.576240633194
2016-04-04,5244.576240633194
2016-04-05,5244.576240633194
2016-04-06,5244.576240633194
2016-04-07,5244.576240633194
2016-04-08,5227.709912641387
2016-04-11,5231.960476917314
2016-04-12,5181.880248620787
2016-04-13,5193.3491066612005
2016-04-14,5186.14007803567
2016-04-15,5192.693729058835
2016-04-18,5191.710662655285
2016-04-19,5194.332110564502
2016-04-20,5197.608936076083
2016-04-21,5190.072281149618
2016-04-22,5194.332110564502
2016-04-25,5176.309664001171
2016-04-26,5191.38303635435
2016-04-27,5184.388855382009
2016-04-28,5142.818558317461
2016-04-29,5081.660628139236
2016-05-02,5075.366428193465
2016-05-03,5052.091396836412
2016-05-04,5047.748556286066
2016-05-05,4991.507933006313
2016-05-06,4980.397629355195
2016-05-09,4985.785162339554
2016-05-10,4950.837254391002
2016-05-11,4915.518058036284
2016-05-12,4872.638595186372
2016-05-13,4864.14218838148
2016-05-16,4865.2777989356755
2016-05-17,4856.1499236136015
2016-05-18,4814.8384250879935
2016-05-19,4805.313662421738
2016-05-20,4826.7097468525635
2016-05-23,4832.2105147485745
2016-05-24,4810.445617984254
2016-05-25,4818.002622797991
2016-05-26,4809.252382741416
2016-05-27,4812.03652244592
2016-05-30,4812.03652244592
2016-05-31,4806.468243036912
2016-06-01,4801.695453789796
2016-06-02,4819.991272340603
2016-06-03,4820.874657594358
2016-06-06,4820.874657594358
2016-06-07,4820.874657594358
2016-06-08,4820.874657594358
2016-06-09,4820.874657594358
2016-06-10,4820.874657594358
2016-06-13,4820.874657594358
2016-06-14,4805.993093862771
2016-06-15,4807.019149113183
2016-06-16,4803.940983361949
2016-06-17,4803.427916595245
2016-06-20,4817.792924949996
2016-06-21,4824.975389985872
2016-06-22,4823.4362679687565
2016-06-23,4817.0999138638235
2016-06-24,4808.159937878061
2016-06-27,4750.306075517322
2016-06-28,4808.422495093293
2016-06-29,4811.04623401296
2016-06-30,4805.648531029446
2016-07-01,4805.648531029446
2016-07-04,4805.648531029446
2016-07-05,4805.648531029446
2016-07-06,4805.648531029446
2016-07-07,4805.648531029446
2016-07-08,4805.648531029446
2016-07-11,4805.648531029446
2016-07-12,4805.648531029446
2016-07-13,4805.648531029446
2016-07-14,4805.648531029446
2016-07-15,4805.648531029446
2016-07-18,4805.648531029446
2016-07-19,4805.648531029446
2016-07-20,4805.648531029446
2016-07-21,4805.648531029446
2016-07-22,4805.648531029446
2016-07-25,4805.648531029446
2016-07-26,4805.648531029446
2016-07-27,4805.648531029446
2016-07-28,4805.648531029446
2016-07-29,4805.648531029446
2016-08-01,4788.943600025514
2016-08-02,4766.952899321264
2016-08-03,4805.919235420394
2016-08-04,4790.357868703303
2016-08-05,4797.594087946392
2016-08-08,4795.735959653421
2016-08-09,4794.1241835201845
2016-08-10,4794.1241835201845
2016-08-11,4794.1241835201845
2016-08-12,4794.1241835201845
2016-08-15,4794.1241835201845
2016-08-16,4794.1241835201845
2016-08-17,4794.1241835201845
2016-08-18,4794.1241835201845
2016-08-19,4794.1241835201845
2016-08-22,4794.1241835201845
2016-08-23,4794.1241835201845
2016-08-24,4794.1241835201845
2016-08-25,4794.1241835201845
2016-08-26,4794.1241835201845
2016-08-29,4794.1241835201845
2016-08-30,4794.1241835201845
2016-08-31,4794.1241835201845
2016-09-01,4780.954423633784
2016-09-02,4800.6179465022715
2016-09-05,4790.259407725344
2016-09-06,4790.259407725344
2016-09-07,4790.259407725344
2016-09-08,4790.259407725344
2016-09-09,4790.259407725344
2016-09-12,4790.259407725344
2016-09-13,4790.259407725344
2016-09-14,4790.259407725344
2016-09-15,4790.259407725344
2016-09-16,4790.259407725344
2016-09-19,4790.259407725344
2016-09-20,4776.044353712242
2016-09-21,4782.621621114344
2016-09-22,4784.698628599842
2016-09-23,4783.9197095259815
2016-09-26,4780.544547601968
2016-09-27,4782.1023197228105
2016-09-28,4786.3816245444705
2016-09-29,4769.02429341795
2016-09-30,4786.707391782029
2016-10-03,4772.953843072605
2016-10-04,4756.60392099229
2016-10-05,4766.833271191584
2016-10-06,4748.18545461625
2016-10-07,4749.16652665332
2016-10-10,4749.16652665332
2016-10-11,4756.917156646598
2016-10-12,4755.809512864498
2016-10-13,4756.140589143137
2016-10-14,4754.372364895941
2016-10-17,4736.062370419428
2016-10-18,4763.711857707076
2016-10-19,4767.893708946373
2016-10-20,4761.896464153327
2016-10-21,4759.835475348113
2016-10-24,4749.588758194852
2016-10-25,4746.90355040536
2016-10-26,4744.393014652709
2016-10-27,4755.469979329075
2016-10-28,4755.804070141426
2016-10-31,4743.239052619715
2016-11-01,4737.332248694227
2016-11-02,4721.760094537771
2016-11-03,4706.419382912925
2016-11-04,4678.313672361519
2016-11-07,4697.953840822354
2016-11-08,4702.1045256494135
2016-11-09,4690.196451504524
2016-11-10,4638.4979880134915
2016-11-11,4635.498448685875
2016-11-14,4560.992741673443
2016-11-15,4605.53441207248
2016-11-16,4607.2985690667
2016-11-17,4598.445076430264
2016-11-18,4577.615628053278
2016-11-21,4580.798244463033
2016-11-22,4574.070750549614
2016-11-23,4549.028606822517
2016-11-24,4552.03820576385
2016-11-25,4530.237225633602
2016-11-28,4527.309025830095
2016-11-29,4524.633621846301
2016-11-30,4509.315547184262
2016-12-01,4485.293308390092
2016-12-02,4471.100462517482
2016-12-05,4467.709353656141
2016-12-06,4474.268964849749
2016-12-07,4434.269509962843
2016-12-08,4424.706544082115
2016-12-09,4425.540252583623
2016-12-12,4362.451068101937
2016-12-13,4349.801997828992
2016-12-14,4330.840026694577
2016-12-15,4282.607638050193
2016-12-16,4294.593561958054
2016-12-19,4285.950503855642
2016-12-20,4279.377782081891
2016-12-21,4279.149727002041
2016-12-22,4285.351861963274
2016-12-23,4287.119167044997
2016-12-27,4290.197736641379
2016-12-28,4291.394938819794
2016-12-29,4290.325761231077
2016-12-30,4290.325761231077
2017-01-02,4290.325761231077
2017-01-03,4290.325761231077
2017-01-04,4290.325761231077
2017-01-05,4290.325761231077
2017-01-06,4290.325761231077
2017-01-09,4290.325761231077
2017-01-10,4290.325761231077
2017-01-11,4290.325761231077
2017-01-12,4290.325761231077
2017-01-13,4290.325761231077
2017-01-16,4290.325761231077
2017-01-17,4290.325761231077
2017-01-18,4290.325761231077
2017-01-19,4290.325761231077
2017-01-20,4290.325761231077
2017-01-23,4290.325761231077
2017-01-24,4277.745923064853
2017-01-25,4283.710564807354
2017-01-26,4278.204708001727
2017-01-27,4287.036963442183
2017-01-30,4285.603156593206
2017-01-31,4286.291399632988
2017-02-01,4286.176714337847
2017-02-02,4288.126670649426
2017-02-03,4288.528134816886
2017-02-06,4287.151692493637
2017-02-07,4287.610521186824
2017-02-08,4275.548019790708
2017-02-09,4270.646412476775
2017-02-10,4275.999863053432
2017-02-13,4279.778794075101
2017-02-14,4278.3617024499845
2017-02-15,4281.038457770348
2017-02-16,4274.267915568575
2017-02-17,4270.016640693223
2017-02-20,4270.016640693223
2017-02-21,4271.040072397558
2017-02-22,4263.48227041829
2017-02-23,4263.023032182773
2017-02-24,4228.611382533925
2017-02-27,4217.535584336218
2017-02-28,4213.515922798081
2017-03-01,4233.991342569479
2017-03-02,4217.376635859087
2017-03-03,4214.402659492596
2017-03-06,4227.3040798861275
2017-03-07,4214.131564540822
2017-03-08,4194.864086425397
2017-03-09,4184.651260084202
2017-03-10,4179.544028209405
2017-03-13,4111.521762600874
2017-03-14,4064.5431322258437
2017-03-15,4010.5607839109052
2017-03-16,4092.2091971514474
2017-03-17,4080.191390322903
2017-03-20,4074.772632170418
2017-03-21,4038.845738000451
2017-03-22,4010.4213312517163
2017-03-23,4005.2503301782226
2017-03-24,4002.664829641476
2017-03-27,3994.391267375344
2017-03-28,4004.216110237796
2017-03-29,4005.7674401484364
2017-03-30,4005.7674401484364
2017-03-31,4003.699049581903
2017-04-03,3971.301812931437
2017-04-04,3967.6390758587922
2017-04-05,3961.883339044487
2017-04-06,3962.4066014551645
2017-04-07,3960.3135518124536
2017-04-10,3961.360076633809
2017-04-11,3962.9298139647926
2017-04-12,3960.3135518124536
2017-04-13,3930.3655603355455
2017-04-17,3947.337356930398
2017-04-18,3928.2179963942767
2017-04-19,3893.1533791776183
2017-04-20,3921.2948763442364
2017-04-21,3897.953880928175
2017-04-24,3915.9947602899597
2017-04-25,3928.366592372324
2017-04-26,3925.415265913759
2017-04-27,3920.2730456650843
2017-04-28,3920.2730456650843
2017-05-01,3906.196557809003
2017-05-02,3899.5516564172035
2017-05-03,3858.5438935703123
2017-05-04,3803.585918831183
2017-05-05,3832.478161706636
2017-05-08,3808.758115269974
2017-05-09,3774.7457060350894
2017-05-10,3783.0501500535693
2017-05-11,3789.7467339784484
2017-05-12,3779.3505436741684
2017-05-15,3783.319942750201
2017-05-16,3778.760393691956
2017-05-17,3732.6508999314606
2017-05-18,3733.644422226438
2017-05-19,3716.7784936394337
2017-05-22,3715.7785046890835
2017-05-23,3717.778434907686
2017-05-24,3714.528566183243
2017-05-25,3698.890823704769
2017-05-26,3718.458066825299
2017-05-29,3718.458066825299
2017-05-30,3702.7894800922004
2017-05-31,3670.2371640384927
2017-06-01,3671.586605596161
2017-06-02,3640.5972671934724
2017-06-05,3633.155264901412
2017-06-06,3638.029591974944
2017-06-07,3626.668733025328
2017-06-08,3624.2266260984798
2017-06-09,3630.273835320435
2017-06-12,3630.273835320435
2017-06-13,3630.273835320435
2017-06-14,3630.273835320435
2017-06-15,3630.273835320435
2017-06-16,3630.273835320435
2017-06-19,3630.273835320435
2017-06-20,3617.0376319192255
2017-06-21,3608.2725653607486
2017-06-22,3610.9021187643307
2017-06-23,3614.2828844325063
2017-06-26,3618.915877526674
2017-06-27,3629.6843837757374
2017-06-28,3622.4919756974355
2017-06-29,3622.4919756974355
2017-06-30,3622.4919756974355
2017-07-03,3622.4919756974355
2017-07-04,3622.4919756974355
2017-07-05,3605.9522584205124
2017-07-06,3608.8326344575166
2017-07-07,3555.1179941775267
2017-07-10,3563.7781671758466
2017-07-11,3568.5843486395847
2017-07-12,3575.478264529123
2017-07-13,3567.8815032958746
2017-07-14,3580.79519411942
2017-07-17,3575.0730576690885
2017-07-18,3567.3742905818813
2017-07-19,3567.3742905818813
2017-07-20,3567.3742905818813
2017-07-21,3567.3742905818813
2017-07-24,3567.3742905818813
2017-07-25,3567.3742905818813
2017-07-26,3567.3742905818813
2017-07-27,3567.3742905818813
2017-07-28,3567.3742905818813
2017-07-31,3567.3742905818813
2017-08-01,3567.3742905818813
2017-08-02,3555.1467482080943
2017-08-03,3551.574409418563
2017-08-04,3554.5513394827385
2017-08-07,3521.1497216984935
2017-08-08,3509.5278269132605
2017-08-09,3478.460800832442
2017-08-10,3465.427033860669
2017-08-11,3455.266629939729
2017-08-14,3452.756307633494
2017-08-15,3447.5549550725536
2017-08-16,3427.107488109673
2017-08-17,3402.7735175775606
2017-08-18,3399.193080944013
2017-08-21,3397.462435828462
2017-08-22,3401.89529871149
2017-08-23,3406.885222362884
2017-08-24,3405.530636441632
2017-08-25,3412.7089423392154
2017-08-28,3403.4075852911083
2017-08-29,3399.9649735409384
2017-08-30,3394.5803629976426
2017-08-31,3400.1845293709266
2017-09-01,3405.0915270085966
2017-09-04,3405.0915270085966
2017-09-05,3382.5555130205585
2017-09-06,3381.8945862647433
2017-09-07,3381.8945862647433
2017-09-08,3381.8945862647433
2017-09-11,3381.8945862647433
2017-09-12,3381.8945862647433
2017-09-13,3381.8945862647433
2017-09-14,3381.8945862647433
2017-09-15,3381.8945862647433
2017-09-18,3381.8945862647433
2017-09-19,3381.8945862647433
2017-09-20,3381.8945862647433
2017-09-21,3381.8945862647433
2017-09-22,3381.8945862647433
2017-09-25,3381.8945862647433
2017-09-26,3381.8945862647433
2017-09-27,3381.8945862647433
2017-09-28,3381.8945862647433
2017-09-29,3381.8945862647433
2017-10-02,3381.8945862647433
2017-10-03,3381.8945862647433
2017-10-04,3381.8945862647433
2017-10-05,3381.8945862647433
2017-10-06,3381.8945862647433
2017-10-09,3381.8945862647433
2017-10-10,3381.8945862647433
2017-10-11,3381.8945862647433
2017-10-12,3381.8945862647433
2017-10-13,3381.8945862647433
2017-10-16,3381.8945862647433
2017-10-17,3381.8945862647433
2017-10-18,3381.8945862647433
2017-10-19,3381.8945862647433
2017-10-20,3381.8945862647433
2017-10-23,3381.8945862647433
2017-10-24,3381.8945862647433
2017-10-25,3381.8945862647433
2017-10-26,3381.8945862647433
2017-10-27,3381.8945862647433
2017-10-30,3381.8945862647433
2017-10-31,3381.8945862647433
2017-11-01,3381.8945862647433
2017-11-02,3381.8945862647433
2017-11-03,3381.8945862647433
2017-11-06,3381.8945862647433
2017-11-07,3381.8945862647433
2017-11-08,3381.8945862647433
2017-11-09,3381.8945862647433
2017-11-10,3381.8945862647433
2017-11-13,3381.8945862647433
2017-11-14,3381.8945862647433
2017-11-15,3381.8945862647433
2017-11-16,3381.8945862647433
2017-11-17,3370.692574829117
2017-11-20,3372.6478104278394
2017-11-21,3374.6660824411592
2017-11-22,3376.116689887301
2017-11-23,3376.116689887301
2017-11-24,3378.134961900621
2017-11-27,3376.179774421299
2017-11-28,3379.711738414758
2017-11-29,3372.1987784395583
2017-11-30,3372.1987784395583
2017-12-01,3372.1987784395583
2017-12-04,3372.1987784395583
2017-12-05,3372.1987784395583
2017-12-06,3372.1987784395583
2017-12-07,3362.2249310601787
2017-12-08,3362.9009049030983
2017-12-11,3361.6455029818367
2017-12-12,3357.943732690181
2017-12-13,3364.4460055144427
2017-12-14,3366.5705035059536
2017-12-15,3370.6907206392452
2017-12-18,3363.548334953244
2017-12-19,3363.548334953244
2017-12-20,3363.548334953244
2017-12-21,3363.548334953244
2017-12-22,3363.548334953244
2017-12-26,3363.548334953244
2017-12-27,3363.548334953244
2017-12-28,3363.548334953244
2017-12-29,3363.548334953244
2018-01-02,3348.2639611095774
2018-01-03,3351.619102345064
2018-01-04,3356.9873859169884
2018-01-05,3354.868777318071
2018-01-08,3368.511813033324
2018-01-09,3337.1885601599697
2018-01-10,3311.44804145112
2018-01-11,3319.723723170534
2018-01-12,3300.0773942340456
2018-01-15,3300.0773942340456
2018-01-16,3310.4443282416523
2018-01-17,3296.7371659530318
2018-01-18,3291.2055369414657
2018-01-19,3292.7859969903216
2018-01-22,3293.5762458553195
2018-01-23,3264.805255570348
2018-01-24,3264.805255570348
2018-01-25,3252.741020157485
2018-01-26,3256.112886022445
2018-01-29,3215.193413344378
2018-01-30,3226.409616080326
2018-01-31,3195.6903703823455
2018-02-01,3196.1602484105206
2018-02-02,3123.4775922032277
2018-02-05,3075.172733126863
2018-02-06,2999.4388721321334
2018-02-07,3003.0551507428836
2018-02-08,2918.8595558715906
2018-02-09,2936.667325655593
2018-02-12,2920.424040612052
2018-02-13,2912.715167242879
2018-02-14,2925.1169622001808
2018-02-15,2887.261939433524
2018-02-16,2892.7004932888335
2018-02-19,2890.0287557965326
2018-02-20,2887.857848414694
2018-02-21,2883.2171500310264
2018-02-22,2889.9690197557948
2018-02-23,2898.6748206055236
2018-02-26,2887.9996963759504
2018-02-27,2892.585225200181
2018-02-28,2892.2986296486665
2018-03-01,2890.4835244890755
2018-03-02,2870.4437766018345
2018-03-05,2883.272755518613
2018-03-06,2879.9937363518884
2018-03-07,2876.745653434725
2018-03-08,2875.121611976144
2018-03-09,2874.45288902261
2018-03-12,2872.8288475640284
2018-03-13,2868.9120416933315
2018-03-14,2853.4335243109786
2018-03-15,2842.951014969765
2018-03-16,2846.947556987896
2018-03-19,2839.5393327591655
2018-03-20,2834.6684017514062
2018-03-21,2831.3415889959915
2018-03-22,2803.761013712176
2018-03-23,2770.290593833389
2018-03-26,2751.910773050831
2018-03-27,2734.5076130074754
2018-03-28,2724.003050430985
2018-03-29,2720.5285453150864
2018-04-02,2709.5108912457667
2018-04-03,2710.4094597127987
2018-04-04,2709.6848242004125
2018-04-05,2709.6848242004125
2018-04-06,2709.6848242004125
2018-04-09,2709.6848242004125
2018-04-10,2709.6848242004125
2018-04-11,2709.6848242004125
2018-04-12,2709.6848242004125
2018-04-13,2709.6848242004125
2018-04-16,2709.6848242004125
2018-04-17,2709.6848242004125
2018-04-18,2709.6848242004125
2018-04-19,2709.6848242004125
2018-04-20,2709.6848242004125
2018-04-23,2709.6848242004125
2018-04-24,2709.6848242004125
2018-04-25,2709.6848242004125
2018-04-26,2709.6848242004125
2018-04-27,2709.6848242004125
2018-04-30,2709.6848242004125
2018-05-01,2709.6848242004125
2018-05-02,2709.6848242004125
2018-05-03,2709.6848242004125
2018-05-04,2709.6848242004125
2018-05-07,2709.6848242004125
2018-05-08,2709.6848242004125
2018-05-09,2709.6848242004125
2018-05-10,2709.6848242004125
2018-05-11,2709.6848242004125
2018-05-14,2709.6848242004125
2018-05-15,2709.6848242004125
2018-05-16,2709.6848242004125
2018-05-17,2709.6848242004125
2018-05-18,2709.6848242004125
2018-05-21,2709.6848242004125
2018-05-22,2709.6848242004125
2018-05-23,2709.6848242004125
2018-05-24,2709.6848242004125
2018-05-25,2709.6848242004125
2018-05-28,2709.6848242004125
2018-05-29,2709.6848242004125
2018-05-30,2709.6848242004125
2018-05-31,2709.6848242004125
2018-06-01,2709.6848242004125
2018-06-04,2709.6848242004125
2018-06-05,2709.6848242004125
2018-06-06,2709.6848242004125
2018-06-07,2709.6848242004125
2018-06-08,2709.6848242004125
2018-06-11,2709.6848242004125
2018-06-12,2709.6848242004125
2018-06-13,2709.6848242004125
2018-06-14,2709.6848242004125
2018-06-15,2709.6848242004125
2018-06-18,2709.6848242004125
2018-06-19,2709.6848242004125
2018-06-20,2709.6848242004125
2018-06-21,2698.3834690176254
2018-06-22,2698.4474367819766
2018-06-25,2697.87192204548
2018-06-26,2694.9944264200635
2018-06-27,2681.061335648243
2018-06-28,2686.032664869295
2018-06-29,2673.1837838397414
2018-07-02,2670.5996174050842
2018-07-03,2670.366056993241
2018-07-04,2670.366056993241
2018-07-05,2674.373726635674
2018-07-06,2673.7787726042525
2018-07-09,2680.0925093308865
2018-07-10,2680.5387504346936
2018-07-11,2670.4661490824033
2018-07-12,2670.441133669525
2018-07-13,2666.1651849823006
2018-07-16,2660.9509960087607
2018-07-17,2637.4273133451397
2018-07-18,2637.9854031717487
2018-07-19,2634.9043679889237
2018-07-20,2611.458360086133
2018-07-23,2606.337233013422
2018-07-24,2610.0206780814433
2018-07-25,2593.853891612689
2018-07-26,2567.802963598139
2018-07-27,2556.599908458351
2018-07-30,2553.1345833060286
2018-07-31,2526.6262529987425
2018-08-01,2493.975501282507
2018-08-02,2502.689892367983
2018-08-03,2502.564083061947
2018-08-06,2500.376256947142
2018-08-07,2502.592271403161
2018-08-08,2502.4257597649894
2018-08-09,2496.899407130635
2018-08-10,2490.2049679630386
2018-08-13,2421.154350310819
2018-08-14,2424.987944927925
2018-08-15,2384.764693018178
2018-08-16,2391.604368669324
2018-08-17,2394.4506698734845
2018-08-20,2406.753555419561
2018-08-21,2391.4759892324805
2018-08-22,2392.6166361417568
2018-08-23,2389.7496464208593
2018-08-24,2395.6994046023124
2018-08-27,2385.599970266879
2018-08-28,2385.599970266879
2018-08-29,2385.599970266879
2018-08-30,2385.599970266879
2018-08-31,2385.599970266879
2018-09-03,2385.599970266879
2018-09-04,2374.099379480805
2018-09-05,2375.543900023445
2018-09-06,2359.6118302187774
2018-09-07,2359.1071403889146
2018-09-10,2354.881379594938
2018-09-11,2348.781548406838
2018-09-12,2321.6145203173655
2018-09-13,2330.8186688041055
2018-09-14,2317.915547829092
2018-09-17,2309.203480943523
2018-09-18,2307.4702293858886
2018-09-19,2309.4489456859765
2018-09-20,2310.107848521125
2018-09-21,2311.4763353066814
2018-09-24,2311.0201811009597
2018-09-25,2314.7454968405996
2018-09-26,2312.3886678865156
2018-09-27,2309.7530565459215
2018-09-28,2305.7347383114966
2018-10-01,2305.7347383114966
2018-10-02,2305.7347383114966
2018-10-03,2305.7347383114966
2018-10-04,2305.7347383114966
2018-10-05,2305.7347383114966
2018-10-08,2305.7347383114966
2018-10-09,2305.7347383114966
2018-10-10,2287.2749061953373
2018-10-11,2275.0333003186083
2018-10-12,2233.596023211132
2018-10-15,2240.1343976559524
2018-10-16,2244.5423648367737
2018-10-17,2236.96426946623
2018-10-18,2216.2776798722984
2018-10-19,2185.457132341703
2018-10-22,2188.687995659288
2018-10-23,2156.242296207095
2018-10-24,2140.3434275225736
2018-10-25,2145.9407994921676
2018-10-26,2086.474200107278
2018-10-29,2069.263510136584
2018-10-30,2091.06358986347
2018-10-31,2076.364680980177
2018-11-01,2066.5175669813025
2018-11-02,2063.8266588412625
2018-11-05,2063.630951680327
2018-11-06,2037.8310871765075
2018-11-07,2035.1531722577931
2018-11-08,2030.1940789642215
2018-11-09,2003.0241791337517
2018-11-12,2001.7319285803376
2018-11-13,1978.0219918133973
2018-11-14,1981.0335861294463
2018-11-15,1961.8279397468402
2018-11-16,1961.8279397468402
2018-11-19,1963.1120722267292
2018-11-20,1919.6579688780719
2018-11-21,1902.1214562653702
2018-11-22,1902.1214562653702
2018-11-23,1832.5325441949676
2018-11-26,1846.5628994538993
2018-11-27,1825.3864427879603
2018-11-28,1810.0225514594183
2018-11-29,1791.5467518851578
2018-11-30,1788.8132011505197
2018-12-03,1787.336729266004
2018-12-04,1787.336729266004
2018-12-05,1787.336729266004
2018-12-06,1787.336729266004
2018-12-07,1781.5877948902728
2018-12-10,1769.1902861088147
2018-12-11,1744.2629766714479
2018-12-12,1740.5402485015718
2018-12-13,1722.9216394732398
2018-12-14,1699.466040987562
2018-12-17,1680.0220280551398
2018-12-18,1651.9920190716425
2018-12-19,1622.5080169466744
2018-12-20,1590.9906543196953
2018-12-21,1564.215449889701
2018-12-24,1511.8172050283251
2018-12-26,1528.4891924711342
2018-12-27,1480.8641968825125
2018-12-28,1468.2989420963604
2018-12-31,1463.785447648247
2019-01-02,1452.7826673113295
2019-01-03,1431.7747488428527
2019-01-04,1440.8602869013237
2019-01-07,1430.6841564758645
2019-01-08,1430.6841564758645
2019-01-09,1430.6841564758645
2019-01-10,1430.6841564758645
2019-01-11,1430.6841564758645
2019-01-14,1430.6841564758645
2019-01-15,1430.6841564758645
2019-01-16,1430.6841564758645
2019-01-17,1430.6841564758645
2019-01-18,1430.6841564758645
2019-01-21,1430.6841564758645
2019-01-22,1430.6841564758645
2019-01-23,1430.6841564758645
2019-01-24,1430.6841564758645
2019-01-25,1430.6841564758645
2019-01-28,1430.6841564758645
2019-01-29,1430.6841564758645
2019-01-30,1430.6841564758645
2019-01-31,1430.6841564758645
2019-02-01,1430.6841564758645
2019-02-04,1430.6841564758645
2019-02-05,1430.6841564758645
2019-02-06,1430.6841564758645
2019-02-07,1430.6841564758645
2019-02-08,1430.6841564758645
2019-02-11,1430.6841564758645
2019-02-12,1430.6841564758645
2019-02-13,1430.6841564758645
2019-02-14,1430.6841564758645
2019-02-15,1430.6841564758645
2019-02-18,1430.6841564758645
2019-02-19,1430.6841564758645
2019-02-20,1430.6841564758645
2019-02-21,1430.6841564758645
2019-02-22,1430.6841564758645
2019-02-25,1430.6841564758645
2019-02-26,1430.6841564758645
2019-02-27,1430.6841564758645
2019-02-28,1430.6841564758645
2019-03-01,1430.6841564758645
2019-03-04,1430.6841564758645
2019-03-05,1430.6841564758645
2019-03-06,1430.6841564758645
2019-03-07,1422.1611927397225
2019-03-08,1422.9351199726138
2019-03-11,1415.4993028400036
2019-03-12,1415.4993028400036
2019-03-13,1415.4993028400036
2019-03-14,1415.4993028400036
2019-03-15,1415.4993028400036
2019-03-18,1415.4993028400036
2019-03-19,1415.4993028400036
2019-03-20,1415.4993028400036
2019-03-21,1415.4993028400036
2019-03-22,1393.6694587968084
2019-03-25,1399.1134560616858
2019-03-26,1362.0901115608465
2019-03-27,1363.4848632691621
2019-03-28,1358.0009856608704
2019-03-29,1358.0009856608704
2019-04-01,1358.0009856608704
2019-04-02,1358.0009856608704
2019-04-03,1358.0009856608704
2019-04-04,1358.0009856608704
2019-04-05,1358.0009856608704
2019-04-08,1358.0009856608704
2019-04-09,1358.0009856608704
2019-04-10,1358.0009856608704
2019-04-11,1358.0009856608704
2019-04-12,1358.0009856608704
2019-04-15,1358.0009856608704
2019-04-16,1358.0009856608704
2019-04-17,1358.0009856608704
2019-04-18,1358.0009856608704
2019-04-22,1358.0009856608704
2019-04-23,1358.0009856608704
2019-04-24,1358.0009856608704
2019-04-25,1358.0009856608704
2019-04-26,1358.0009856608704
2019-04-29,1358.0009856608704
2019-04-30,1358.0009856608704
2019-05-01,1348.5385983356218
2019-05-02,1324.087468225277
2019-05-03,1329.6114690531022
2019-05-06,1315.2580874034552
2019-05-07,1283.3567922685263
2019-05-08,1288.8520338981994
2019-05-09,1263.0257141475015
2019-05-10,1265.0334766993178
2019-05-13,1213.320430180191
2019-05-14,1218.57371149525
2019-05-15,1191.0978007170936
2019-05-16,1190.819224262988
2019-05-17,1168.1732311677636
2019-05-20,1160.6324249135423
2019-05-21,1144.3978744925823
2019-05-22,1134.1682799403545
2019-05-23,1059.5934325020162
2019-05-24,1059.4170315021252
2019-05-27,1059.4170315021252
2019-05-28,1035.499482647963
2019-05-29,984.5599635277612
2019-05-30,983.6972492009536
2019-05-31,957.1476276358221
2019-06-03,958.3375702586508
2019-06-04,969.757776469591
2019-06-05,929.7614191512978
2019-06-06,906.7112616977447
2019-06-07,890.2197564695748
2019-06-10,871.3785313143917
2019-06-11,863.5022087168494
2019-06-12,823.2564409225546
2019-06-13,808.9406253463922
2019-06-14,795.4021148966006
2019-06-17,785.710956369335
2019-06-18,765.7975813489784
2019-06-19,765.9262343713633
2019-06-20,766.376507680683
2019-06-21,767.1484012769374
2019-06-24,763.6748555557372
2019-06-25,741.8390802190661
2019-06-26,742.8004904659075
2019-06-27,743.313243412556
2019-06-28,733.6255254542008
2019-07-01,722.2581026513507
2019-07-02,701.0796829947471
2019-07-03,691.4878854572196
2019-07-04,691.4878854572196
2019-07-05,686.4180886772658
2019-07-08,676.3017134699658
2019-07-09,676.3017134699658
2019-07-10,676.3017134699658
2019-07-11,676.3017134699658
2019-07-12,676.3017134699658
2019-07-15,676.3017134699658
2019-07-16,676.3017134699658
2019-07-17,666.8286339638008
2019-07-18,665.0738516497398
2019-07-19,658.5778914243631
2019-07-22,658.5778914243631
2019-07-23,658.5778914243631
2019-07-24,658.5778914243631
2019-07-25,658.5778914243631
2019-07-26,658.5778914243631
2019-07-29,658.5778914243631
2019-07-30,658.5778914243631
2019-07-31,658.5778914243631
2019-08-01,658.5778914243631
2019-08-02,658.5778914243631
2019-08-05,658.5778914243631
2019-08-06,658.5778914243631
2019-08-07,658.5778914243631
2019-08-08,658.5778914243631
2019-08-09,658.5778914243631
2019-08-12,658.5778914243631
2019-08-13,658.5778914243631
2019-08-14,658.5778914243631
2019-08-15,658.5778914243631
2019-08-16,658.5778914243631
2019-08-19,658.5778914243631
2019-08-20,658.5778914243631
2019-08-21,658.5778914243631
2019-08-22,658.5778914243631
2019-08-23,658.5778914243631
2019-08-26,658.5778914243631
2019-08-27,658.5778914243631
2019-08-28,658.5778914243631
2019-08-29,658.5778914243631
2019-08-30,658.5778914243631
2019-09-02,658.5778914243631
2019-09-03,658.5778914243631
2019-09-04,658.5778914243631
2019-09-05,658.5778914243631
2019-09-06,658.5778914243631
2019-09-09,658.5778914243631
2019-09-10,658.5778914243631
2019-09-11,658.5778914243631
2019-09-12,658.5778914243631
2019-09-13,658.5778914243631
2019-09-16,658.5778914243631
2019-09-17,658.5778914243631
2019-09-18,658.5778914243631
2019-09-19,658.5778914243631
2019-09-20,658.5778914243631
2019-09-23,658.5778914243631
2019-09-24,658.5778914243631
2019-09-25,658.5778914243631
2019-09-26,658.5778914243631
2019-09-27,658.5778914243631
2019-09-30,658.5778914243631
2019-10-01,658.5778914243631
2019-10-02,658.5778914243631
2019-10-03,658.5778914243631
2019-10-04,658.5778914243631
2019-10-07,658.5778914243631
2019-10-08,658.5778914243631
2019-10-09,658.5778914243631
2019-10-10,658.5778914243631
2019-10-11,658.5778914243631
2019-10-14,658.5778914243631
2019-10-15,658.5778914243631
2019-10-16,658.5778914243631
2019-10-17,658.5778914243631
2019-10-18,658.5778914243631
2019-10-21,658.5778914243631
2019-10-22,658.5778914243631
2019-10-23,658.5778914243631
2019-10-24,658.5778914243631
2019-10-25,658.5778914243631
2019-10-28,658.5778914243631
2019-10-29,658.5778914243631
2019-10-30,658.5778914243631
2019-10-31,658.5778914243631
2019-11-01,658.5778914243631
2019-11-04,658.5778914243631
2019-11-05,658.5778914243631
2019-11-06,658.5778914243631
2019-11-07,658.5778914243631
2019-11-08,658.5778914243631
2019-11-11,658.5778914243631
2019-11-12,658.5778914243631
2019-11-13,658.5778914243631
2019-11-14,658.5778914243631
2019-11-15,658.5778914243631
2019-11-18,658.5778914243631
2019-11-19,658.5778914243631
2019-11-20,658.5778914243631
2019-11-21,658.5778914243631
2019-11-22,658.5778914243631
2019-11-25,658.5778914243631
2019-11-26,658.5778914243631
2019-11-27,658.5778914243631
2019-11-28,658.5778914243631
2019-11-29,658.5778914243631
2019-12-02,658.5778914243631
2019-12-03,658.5778914243631
2019-12-04,658.5778914243631
2019-12-05,658.5778914243631
2019-12-06,658.5778914243631
2019-12-09,658.5778914243631
2019-12-10,658.5778914243631
2019-12-11,658.5778914243631
2019-12-12,658.5778914243631
2019-12-13,658.5778914243631
2019-12-16,658.5778914243631
2019-12-17,658.5778914243631
2019-12-18,658.5778914243631
2019-12-19,658.5778914243631
2019-12-20,658.5778914243631
2019-12-23,658.5778914243631
2019-12-24,658.5778914243631
2019-12-25,658.5778914243631
2019-12-26,658.5778914243631
2019-12-27,658.5778914243631
2019-12-30,658.5778914243631
2019-12-31,658.5778914243631
2020-01-02,658.5778914243631
2020-01-03,658.5778914243631
2020-01-06,658.5778914243631
2020-01-07,658.5778914243631
2020-01-08,658.5778914243631
2020-01-09,658.5778914243631
2020-01-10,658.5778914243631
2020-01-13,658.5778914243631
2020-01-14,658.5778914243631
2020-01-15,658.5778914243631
2020-01-16,658.5778914243631
2020-01-17,658.5778914243631
2020-01-20,658.5778914243631
2020-01-21,658.5778914243631
2020-01-22,658.5778914243631
2020-01-23,658.5778914243631
2020-01-24,658.5778914243631
2020-01-27,658.5778914243631
2020-01-28,658.5778914243631
2020-01-29,658.5778914243631
2020-01-30,658.5778914243631
2020-01-31,658.5778914243631
2020-02-03,658.5778914243631
2020-02-04,658.5778914243631
2020-02-05,658.5778914243631
2020-02-06,658.5778914243631
2020-02-07,658.5778914243631
2020-02-10,658.5778914243631
2020-02-11,658.5778914243631
2020-02-12,658.5778914243631
2020-02-13,658.5778914243631
2020-02-14,658.5778914243631
2020-02-17,658.5778914243631
2020-02-18,658.5778914243631
2020-02-19,658.5778914243631
2020-02-20,658.5778914243631
2020-02-21,658.5778914243631
2020-02-24,658.5778914243631
2020-02-25,658.5778914243631
2020-02-26,658.5778914243631
2020-02-27,658.5778914243631
2020-02-28,658.5778914243631
2020-03-02,658.5778914243631
2020-03-03,658.5778914243631
2020-03-04,658.5778914243631
2020-03-05,658.5778914243631
2020-03-06,658.5778914243631
2020-03-09,658.5778914243631
2020-03-10,658.5778914243631
2020-03-11,658.5778914243631
2020-03-12,658.5778914243631
2020-03-13,658.5778914243631
2020-03-16,658.5778914243631
2020-03-17,658.5778914243631
2020-03-18,658.5778914243631
2020-03-19,658.5778914243631
2020-03-20,658.5778914243631
2020-03-23,658.5778914243631
2020-03-24,658.5778914243631
2020-03-25,658.5778914243631
2020-03-26,658.5778914243631
2020-03-27,658.5778914243631
2020-03-30,658.5778914243631
2020-03-31,658.5778914243631
2020-04-01,658.5778914243631
2020-04-02,658.5778914243631
2020-04-03,658.5778914243631
2020-04-06,658.5778914243631
2020-04-07,658.5778914243631
2020-04-08,658.5778914243631
2020-04-09,658.5778914243631
2020-04-13,658.5778914243631
2020-04-14,658.5778914243631
2020-04-15,658.5778914243631
2020-04-16,658.5778914243631
2020-04-17,658.5778914243631
2020-04-20,658.5778914243631
2020-04-21,658.5778914243631
2020-04-22,658.5778914243631
2020-04-23,658.5778914243631
2020-04-24,658.5778914243631
2020-04-27,658.5778914243631
2020-04-28,658.5778914243631
2020-04-29,658.5778914243631
2020-04-30,658.5778914243631
2020-05-01,658.5778914243631
2020-05-04,658.5778914243631
2020-05-05,658.5778914243631
2020-05-06,658.5778914243631
2020-05-07,658.5778914243631
2020-05-08,658.5778914243631
2020-05-11,658.5778914243631
2020-05-12,658.5778914243631
2020-05-13,658.5778914243631
2020-05-14,658.5778914243631
2020-05-15,658.5778914243631
2020-05-18,658.5778914243631
2020-05-19,658.5778914243631
2020-05-20,658.5778914243631
2020-05-21,658.5778914243631
2020-05-22,658.5778914243631
2020-05-25,658.5778914243631
2020-05-26,658.5778914243631
2020-05-27,658.5778914243631
2020-05-28,658.5778914243631
2020-05-29,658.5778914243631
2020-06-01,658.5778914243631
2020-06-02,658.5778914243631
2020-06-03,658.5778914243631
2020-06-04,658.5778914243631
2020-06-05,658.5778914243631
2020-06-08,658.5778914243631
2020-06-09,658.5778914243631
2020-06-10,658.5778914243631
2020-06-11,658.5778914243631
2020-06-12,658.5778914243631
2020-06-15,658.5778914243631
2020-06-16,658.5778914243631
2020-06-17,658.5778914243631
2020-06-18,658.5778914243631
2020-06-19,658.5778914243631
2020-06-22,658.5778914243631
2020-06-23,658.5778914243631
2020-06-24,658.5778914243631
2020-06-25,658.5778914243631
2020-06-26,658.5778914243631
2020-06-29,658.5778914243631
2020-06-30,658.5778914243631
2020-07-01,658.5778914243631
2020-07-02,658.5778914243631
2020-07-03,658.5778914243631
2020-07-06,658.5778914243631
2020-07-07,658.5778914243631
2020-07-08,658.5778914243631
2020-07-09,658.5778914243631
2020-07-10,658.5778914243631
2020-07-13,658.5778914243631
2020-07-14,658.5778914243631
2020-07-15,658.5778914243631
2020-07-16,658.5778914243631
2020-07-17,658.5778914243631
2020-07-20,658.5778914243631
2020-07-21,658.5778914243631
2020-07-22,658.5778914243631
2020-07-23,658.5778914243631
2020-07-24,658.5778914243631
2020-07-27,658.5778914243631
2020-07-28,658.5778914243631
2020-07-29,658.5778914243631
2020-07-30,658.5778914243631
2020-07-31,658.5778914243631
2020-08-03,658.5778914243631
2020-08-04,658.5778914243631
2020-08-05,658.5778914243631
2020-08-06,658.5778914243631
2020-08-07,658.5778914243631
2020-08-10,658.5778914243631
2020-08-11,658.5778914243631
2020-08-12,658.5778914243631
2020-08-13,658.5778914243631
2020-08-14,658.5778914243631
2020-08-17,658.5778914243631
2020-08-18,658.5778914243631
2020-08-19,658.5778914243631
2020-08-20,658.5778914243631
2020-08-21,658.5778914243631
2020-08-24,658.5778914243631
2020-08-25,658.5778914243631
2020-08-26,658.5778914243631
2020-08-27,658.5778914243631
2020-08-28,658.5778914243631
2020-08-31,658.5778914243631
2020-09-01,658.5778914243631
2020-09-02,658.5778914243631
2020-09-03,658.5778914243631
2020-09-04,658.5778914243631
2020-09-07,658.5778914243631
2020-09-08,658.5778914243631
2020-09-09,658.5778914243631
2020-09-10,658.5778914243631
2020-09-11,658.5778914243631
2020-09-14,658.5778914243631
2020-09-15,658.5778914243631
2020-09-16,658.5778914243631
2020-09-17,658.5778914243631
2020-09-18,658.5778914243631
2020-09-21,658.5778914243631
2020-09-22,658.5778914243631
2020-09-23,658.5778914243631
2020-09-24,658.5778914243631
2020-09-25,658.5778914243631
2020-09-28,658.5778914243631
2020-09-29,658.5778914243631
2020-09-30,658.5778914243631
2020-10-01,658.5778914243631
2020-10-02,658.5778914243631
2020-10-05,658.5778914243631
2020-10-06,658.5778914243631
2020-10-07,658.5778914243631
2020-10-08,658.5778914243631
2020-10-09,658.5778914243631
2020-10-12,658.5778914243631
2020-10-13,658.5778914243631
2020-10-14,658.5778914243631
2020-10-15,658.5778914243631
2020-10-16,658.5778914243631
2020-10-19,658.5778914243631
2020-10-20,658.5778914243631
2020-10-21,658.5778914243631
2020-10-22,658.5778914243631
2020-10-23,658.5778914243631
2020-10-26,658.5778914243631
2020-10-27,658.5778914243631
2020-10-28,658.5778914243631
2020-10-29,658.5778914243631
2020-10-30,658.5778914243631
2020-11-02,658.5778914243631
2020-11-03,658.5778914243631
2020-11-04,658.5778914243631
2020-11-05,658.5778914243631
2020-11-06,658.5778914243631
2020-11-09,658.5778914243631
2020-11-10,658.5778914243631
2020-11-11,658.5778914243631
2020-11-12,658.5778914243631
2020-11-13,658.5778914243631
2020-11-16,658.5778914243631
2020-11-17,658.5778914243631
2020-11-18,658.5778914243631
2020-11-19,658.5778914243631
2020-11-20,658.5778914243631
2020-11-23,658.5778914243631
2020-11-24,658.5778914243631
2020-11-25,658.5778914243631
2020-11-26,658.5778914243631
2020-11-27,658.5778914243631
2020-11-30,658.5778914243631
2020-12-01,658.5778914243631
2020-12-02,658.5778914243631
2020-12-03,658.5778914243631
2020-12-04,658.5778914243631
2020-12-07,658.5778914243631
2020-12-08,658.5778914243631
2020-12-09,658.5778914243631
2020-12-10,658.5778914243631
2020-12-11,658.5778914243631
2020-12-14,658.5778914243631
2020-12-15,658.5778914243631
2020-12-16,658.5778914243631
2020-12-17,658.5778914243631
2020-12-18,658.5778914243631
2020-12-21,658.5778914243631
2020-12-22,658.5778914243631
2020-12-23,658.5778914243631
2020-12-24,658.5778914243631
2020-12-28,658.5778914243631
2020-12-29,658.5778914243631
2020-12-30,658.5778914243631
2020-12-31,658.5778914243631
2021-01-04,658.5778914243631
2021-01-05,658.5778914243631
2021-01-06,658.5778914243631
2021-01-07,658.5778914243631
2021-01-08,658.5778914243631
2021-01-11,658.5778914243631
2021-01-12,658.5778914243631
2021-01-13,658.5778914243631
2021-01-14,658.5778914243631
2021-01-15,658.5778914243631
2021-01-18,658.5778914243631
2021-01-19,658.5778914243631
2021-01-20,658.5778914243631
2021-01-21,658.5778914243631
2021-01-22,658.5778914243631
2021-01-25,658.5778914243631
2021-01-26,658.5778914243631
2021-01-27,658.5778914243631
2021-01-28,658.5778914243631
2021-01-29,658.5778914243631
2021-02-01,658.5778914243631
2021-02-02,658.5778914243631
2021-02-03,658.5778914243631
2021-02-04,658.5778914243631
2021-02-05,658.5778914243631
2021-02-08,658.5778914243631
2021-02-09,658.5778914243631
2021-02-10,658.5778914243631
2021-02-11,658.5778914243631
2021-02-12,658.5778914243631
2021-02-15,658.5778914243631
2021-02-16,658.5778914243631
2021-02-17,658.5778914243631
2021-02-18,658.5778914243631
2021-02-19,658.5778914243631
2021-02-22,658.5778914243631
2021-02-23,658.5778914243631
2021-02-24,658.5778914243631
2021-02-25,658.5778914243631
2021-02-26,658.5778914243631
2021-03-01,658.5778914243631
2021-03-02,658.5778914243631
2021-03-03,658.5778914243631
2021-03-04,658.5778914243631
2021-03-05,658.5778914243631
2021-03-08,658.5778914243631
2021-03-09,658.5778914243631
2021-03-10,658.5778914243631
2021-03-11,658.5778914243631
2021-03-12,658.5778914243631
2021-03-15,658.5778914243631
2021-03-16,658.5778914243631
2021-03-17,658.5778914243631
2021-03-18,658.5778914243631
2021-03-19,658.5778914243631
2021-03-22,658.5778914243631
2021-03-23,658.5778914243631
2021-03-24,658.5778914243631
2021-03-25,658.5778914243631
2021-03-26,658.5778914243631
2021-03-29,658.5778914243631
2021-03-30,658.5778914243631
2021-03-31,658.5778914243631
2021-04-01,658.5778914243631
2021-04-05,658.5778914243631
2021-04-06,658.5778914243631
2021-04-07,658.5778914243631
2021-04-08,658.5778914243631
2021-04-09,658.5778914243631
2021-04-12,658.5778914243631
2021-04-13,658.5778914243631
2021-04-14,658.5778914243631
2021-04-15,658.5778914243631
2021-04-16,658.5778914243631
2021-04-19,658.5778914243631
2021-04-20,658.5778914243631
2021-04-21,658.5778914243631
2021-04-22,658.5778914243631
2021-04-23,658.5778914243631
2021-04-26,658.5778914243631
2021-04-27,658.5778914243631
2021-04-28,658.5778914243631
2021-04-29,658.5778914243631
2021-04-30,658.5778914243631
2021-05-03,658.5778914243631
2021-05-04,658.5778914243631
2021-05-05,658.5778914243631
2021-05-06,658.5778914243631
2021-05-07,658.5778914243631
2021-05-10,658.5778914243631
2021-05-11,658.5778914243631
2021-05-12,658.5778914243631
2021-05-13,658.5778914243631
2021-05-14,658.5778914243631
2021-05-17,658.5778914243631
2021-05-18,658.5778914243631
2021-05-19,658.5778914243631
2021-05-20,658.5778914243631
2021-05-21,658.5778914243631
2021-05-24,658.5778914243631
2021-05-25,658.5778914243631
2021-05-26,658.5778914243631
2021-05-27,658.5778914243631
2021-05-28,658.5778914243631
2021-05-31,658.5778914243631
2021-06-01,658.5778914243631
2021-06-02,658.5778914243631
2021-06-03,658.5778914243631
2021-06-04,658.5778914243631
2021-06-07,658.5778914243631
2021-06-08,658.5778914243631
2021-06-09,658.5778914243631
2021-06-10,658.5778914243631
2021-06-11,658.5778914243631
2021-06-14,658.5778914243631
2021-06-15,658.5778914243631
2021-06-16,658.5778914243631
2021-06-17,658.5778914243631
2021-06-18,658.5778914243631
2021-06-21,658.5778914243631
2021-06-22,658.5778914243631
2021-06-23,658.5778914243631
2021-06-24,658.5778914243631
2021-06-25,658.5778914243631
2021-06-28,658.5778914243631
2021-06-29,658.5778914243631
2021-06-30,658.5778914243631
2021-07-01,658.5778914243631
2021-07-02,658.5778914243631
2021-07-05,658.5778914243631
2021-07-06,658.5778914243631
2021-07-07,658.5778914243631
2021-07-08,658.5778914243631
2021-07-09,658.5778914243631
2021-07-12,658.5778914243631
2021-07-13,658.5778914243631
2021-07-14,658.5778914243631
2021-07-15,658.5778914243631
2021-07-16,658.5778914243631
2021-07-19,658.5778914243631
2021-07-20,658.5778914243631
2021-07-21,658.5778914243631
2021-07-22,658.5778914243631
2021-07-23,658.5778914243631
2021-07-26,658.5778914243631
2021-07-27,658.5778914243631
2021-07-28,658.5778914243631
2021-07-29,658.5778914243631
2021-07-30,658.5778914243631
2021-08-02,658.5778914243631
2021-08-03,658.5778914243631
2021-08-04,658.5778914243631
2021-08-05,658.5778914243631
2021-08-06,658.5778914243631
2021-08-09,658.5778914243631
2021-08-10,658.5778914243631
2021-08-11,658.5778914243631
2021-08-12,658.5778914243631
2021-08-13,658.5778914243631
2021-08-16,658.5778914243631
2021-08-17,658.5778914243631
2021-08-18,658.5778914243631
2021-08-19,658.5778914243631
2021-08-20,658.5778914243631
2021-08-23,658.5778914243631
2021-08-24,658.5778914243631
2021-08-25,658.5778914243631
2021-08-26,658.5778914243631
2021-08-27,658.5778914243631
2021-08-30,658.5778914243631
2021-08-31,658.5778914243631
2021-09-01,658.5778914243631
2021-09-02,658.5778914243631
2021-09-03,658.5778914243631
2021-09-06,658.5778914243631
2021-09-07,658.5778914243631
2021-09-08,658.5778914243631
2021-09-09,658.5778914243631
2021-09-10,658.5778914243631
2021-09-13,658.5778914243631
2021-09-14,658.5778914243631
2021-09-15,658.5778914243631
2021-09-16,658.5778914243631
2021-09-17,658.5778914243631
2021-09-20,658.5778914243631
2021-09-21,658.5778914243631
2021-09-22,658.5778914243631
2021-09-23,658.5778914243631
2021-09-24,658.5778914243631
2021-09-27,658.5778914243631
2021-09-28,658.5778914243631
2021-09-29,658.5778914243631
2021-09-30,658.5778914243631
2021-10-01,658.5778914243631
2021-10-04,658.5778914243631
2021-10-05,658.5778914243631
2021-10-06,658.5778914243631
2021-10-07,658.5778914243631
2021-10-08,658.5778914243631
2021-10-11,658.5778914243631
2021-10-12,658.5778914243631
2021-10-13,658.5778914243631
2021-10-14,658.5778914243631
2021-10-15,658.5778914243631
2021-10-18,658.5778914243631
2021-10-19,658.5778914243631
2021-10-20,658.5778914243631
2021-10-21,658.5778914243631
2021-10-22,658.5778914243631
2021-10-25,658.5778914243631
2021-10-26,658.5778914243631
2021-10-27,658.5778914243631
2021-10-28,658.5778914243631
2021-10-29,658.5778914243631
2021-11-01,658.5778914243631
2021-11-02,658.5778914243631
2021-11-03,658.5778914243631
2021-11-04,658.5778914243631
2021-11-05,658.5778914243631
2021-11-08,658.5778914243631
2021-11-09,658.5778914243631
2021-11-10,658.5778914243631
2021-11-11,658.5778914243631
2021-11-12,658.5778914243631
2021-11-15,658.5778914243631
2021-11-16,658.5778914243631
2021-11-17,658.5778914243631
2021-11-18,658.5778914243631
2021-11-19,658.5778914243631
2021-11-22,658.5778914243631
2021-11-23,658.5778914243631
2021-11-24,658.5778914243631
2021-11-25,658.5778914243631
2021-11-26,658.5778914243631
2021-11-29,658.5778914243631
2021-11-30,658.5778914243631
2021-12-01,658.5778914243631
2021-12-02,658.5778914243631
2021-12-03,658.5778914243631
2021-12-06,658.5778914243631
2021-12-07,658.5778914243631
2021-12-08,658.5778914243631
2021-12-09,658.5778914243631
2021-12-10,658.5778914243631
2021-12-13,658.5778914243631
2021-12-14,658.5778914243631
2021-12-15,658.5778914243631
2021-12-16,658.5778914243631
2021-12-17,658.5778914243631
2021-12-20,658.5778914243631
2021-12-21,658.5778914243631
2021-12-22,658.5778914243631
2021-12-23,658.5778914243631
2021-12-24,658.5778914243631
2021-12-27,658.5778914243631
2021-12-28,658.5778914243631
2021-12-29,658.5778914243631
2021-12-30,658.5778914243631
2021-12-31,658.5778914243631
2022-01-03,658.5778914243631
2022-01-04,658.5778914243631
2022-01-05,658.5778914243631
2022-01-06,658.5778914243631
2022-01-07,658.5778914243631
2022-01-10,658.5778914243631
2022-01-11,658.5778914243631
2022-01-12,658.5778914243631
2022-01-13,658.5778914243631
2022-01-14,658.5778914243631
2022-01-17,658.5778914243631
2022-01-18,658.5778914243631
2022-01-19,658.5778914243631
2022-01-20,658.5778914243631
2022-01-21,658.5778914243631
2022-01-24,658.5778914243631
2022-01-25,658.5778914243631
2022-01-26,658.5778914243631
2022-01-27,658.5778914243631
2022-01-28,658.5778914243631
2022-01-31,658.5778914243631
2022-02-01,658.5778914243631
2022-02-02,658.5778914243631
2022-02-03,658.5778914243631
2022-02-04,658.5778914243631
2022-02-07,658.5778914243631
2022-02-08,658.5778914243631
2022-02-09,658.5778914243631
2022-02-10,658.5778914243631
2022-02-11,658.5778914243631
2022-02-14,658.5778914243631
2022-02-15,658.5778914243631
2022-02-16,658.5778914243631
2022-02-17,658.5778914243631
2022-02-18,658.5778914243631
2022-02-21,658.5778914243631
2022-02-22,658.5778914243631
2022-02-23,658.5778914243631
2022-02-24,658.5778914243631
2022-02-25,658.5778914243631
2022-02-28,658.5778914243631
2022-03-01,658.5778914243631
2022-03-02,658.5778914243631
2022-03-03,658.5778914243631
2022-03-04,658.5778914243631
2022-03-07,658.5778914243631
2022-03-08,658.5778914243631
2022-03-09,658.5778914243631
2022-03-10,658.5778914243631
2022-03-11,658.5778914243631
2022-03-14,658.5778914243631
2022-03-15,658.5778914243631
2022-03-16,658.5778914243631
2022-03-17,658.5778914243631
2022-03-18,658.5778914243631
2022-03-21,658.5778914243631
2022-03-22,658.5778914243631
2022-03-23,658.5778914243631
2022-03-24,658.5778914243631
2022-03-25,658.5778914243631
2022-03-28,658.5778914243631
2022-03-29,658.5778914243631
2022-03-30,658.5778914243631
2022-03-31,658.5778914243631
2022-04-01,658.5778914243631
2022-04-04,658.5778914243631
2022-04-05,658.5778914243631
2022-04-06,658.5778914243631
2022-04-07,658.5778914243631
2022-04-08,658.5778914243631
2022-04-11,658.5778914243631
2022-04-12,658.5778914243631
2022-04-13,658.5778914243631
2022-04-14,658.5778914243631
2022-04-18,658.5778914243631
2022-04-19,658.5778914243631
2022-04-20,658.5778914243631
2022-04-21,658.5778914243631
2022-04-22,658.5778914243631
2022-04-25,658.5778914243631
2022-04-26,658.5778914243631
2022-04-27,658.5778914243631
2022-04-28,658.5778914243631
2022-04-29,658.5778914243631
2022-05-02,658.5778914243631
2022-05-03,658.5778914243631
2022-05-04,658.5778914243631
2022-05-05,658.5778914243631
2022-05-06,658.5778914243631
2022-05-09,658.5778914243631
2022-05-10,658.5778914243631
2022-05-11,658.5778914243631
2022-05-12,658.5778914243631
2022-05-13,658.5778914243631
2022-05-16,658.5778914243631
2022-05-17,658.5778914243631
2022-05-18,658.5778914243631
2022-05-19,658.5778914243631
2022-05-20,658.5778914243631
2022-05-23,658.5778914243631
2022-05-24,658.5778914243631
2022-05-25,658.5778914243631
2022-05-26,658.5778914243631
2022-05-27,658.5778914243631
2022-05-30,658.5778914243631
2022-05-31,658.5778914243631
2022-06-01,658.5778914243631
2022-06-02,658.5778914243631
2022-06-03,658.5778914243631
2022-06-06,658.5778914243631
2022-06-07,658.5778914243631
2022-06-08,658.5778914243631
2022-06-09,658.5778914243631
2022-06-10,658.5778914243631
2022-06-13,658.5778914243631
2022-06-14,658.5778914243631
2022-06-15,658.5778914243631
2022-06-16,658.5778914243631
2022-06-17,658.5778914243631
2022-06-20,658.5778914243631
2022-06-21,658.5778914243631
2022-06-22,658.5778914243631
2022-06-23,658.5778914243631
2022-06-24,658.5778914243631
2022-06-27,658.5778914243631
2022-06-28,658.5778914243631
2022-06-29,658.5778914243631
2022-06-30,658.5778914243631
2022-07-01,658.5778914243631
2022-07-04,658.5778914243631
2022-07-05,658.5778914243631
2022-07-06,658.5778914243631
2022-07-07,658.5778914243631
2022-07-08,658.5778914243631
2022-07-11,658.5778914243631
2022-07-12,658.5778914243631
2022-07-13,658.5778914243631
2022-07-14,658.5778914243631
2022-07-15,658.5778914243631
2022-07-18,658.5778914243631
2022-07-19,658.5778914243631
2022-07-20,658.5778914243631
2022-07-21,658.5778914243631
2022-07-22,658.5778914243631
2022-07-25,658.5778914243631
2022-07-26,658.5778914243631
2022-07-27,658.5778914243631
2022-07-28,658.5778914243631
2022-07-29,658.5778914243631
2022-08-01,658.5778914243631
2022-08-02,658.5778914243631
2022-08-03,658.5778914243631
2022-08-04,658.5778914243631
2022-08-05,658.5778914243631
2022-08-08,658.5778914243631
2022-08-09,658.5778914243631
2022-08-10,658.5778914243631
2022-08-11,658.5778914243631
2022-08-12,658.5778914243631
2022-08-15,658.5778914243631
2022-08-16,658.5778914243631
2022-08-17,658.5778914243631
2022-08-18,658.5778914243631
2022-08-19,658.5778914243631
2022-08-22,658.5778914243631
2022-08-23,658.5778914243631
2022-08-24,658.5778914243631
2022-08-25,658.5778914243631
2022-08-26,658.5778914243631
2022-08-29,658.5778914243631
2022-08-30,658.5778914243631
2022-08-31,658.5778914243631
2022-09-01,658.5778914243631
2022-09-02,658.5778914243631
2022-09-05,658.5778914243631
2022-09-06,658.5778914243631
2022-09-07,658.5778914243631
2022-09-08,658.5778914243631
2022-09-09,658.5778914243631
2022-09-12,658.5778914243631
2022-09-13,658.5778914243631
2022-09-14,658.5778914243631
2022-09-15,658.5778914243631
2022-09-16,658.5778914243631
2022-09-19,658.5778914243631
2022-09-20,658.5778914243631
2022-09-21,658.5778914243631
2022-09-22,658.5778914243631
2022-09-23,658.5778914243631
2022-09-26,658.5778914243631
2022-09-27,658.5778914243631
2022-09-28,658.5778914243631
2022-09-29,658.5778914243631
2022-09-30,658.5778914243631
2022-10-03,658.5778914243631
2022-10-04,658.5778914243631
2022-10-05,658.5778914243631
2022-10-06,658.5778914243631
2022-10-07,658.5778914243631
2022-10-10,658.5778914243631
2022-10-11,658.5778914243631
2022-10-12,658.5778914243631
2022-10-13,658.5778914243631
2022-10-14,658.5778914243631
2022-10-17,658.5778914243631
2022-10-18,658.5778914243631
2022-10-19,658.5778914243631
2022-10-20,658.5778914243631
2022-10-21,658.5778914243631
2022-10-24,658.5778914243631
2022-10-25,658.5778914243631
2022-10-26,658.5778914243631
2022-10-27,658.5778914243631
2022-10-28,658.5778914243631
2022-10-31,658.5778914243631
2022-11-01,658.5778914243631
2022-11-02,658.5778914243631
2022-11-03,658.5778914243631
2022-11-04,658.5778914243631
2022-11-07,658.5778914243631
2022-11-08,658.5778914243631
2022-11-09,658.5778914243631
2022-11-10,658.5778914243631
2022-11-11,658.5778914243631
2022-11-14,658.5778914243631
2022-11-15,658.5778914243631
2022-11-16,658.5778914243631
2022-11-17,658.5778914243631
2022-11-18,658.5778914243631
2022-11-21,658.5778914243631
2022-11-22,658.5778914243631
2022-11-23,658.5778914243631
2022-11-24,658.5778914243631
2022-11-25,658.5778914243631
2022-11-28,658.5778914243631
2022-11-29,658.5778914243631
2022-11-30,658.5778914243631
2022-12-01,658.5778914243631
2022-12-02,658.5778914243631
2022-12-05,658.5778914243631
2022-12-06,658.5778914243631
2022-12-07,658.5778914243631
2022-12-08,658.5778914243631
2022-12-09,658.5778914243631
2022-12-12,658.5778914243631
2022-12-13,658.5778914243631
2022-12-14,658.5778914243631
2022-12-15,658.5778914243631
2022-12-16,658.5778914243631
2022-12-19,658.5778914243631
2022-12-20,658.5778914243631
2022-12-21,658.5778914243631
2022-12-22,658.5778914243631
2022-12-23,658.5778914243631
2022-12-27,658.5778914243631
2022-12-28,658.5778914243631
2022-12-29,658.5778914243631
2022-12-30,658.5778914243631
2023-01-02,658.5778914243631
2023-01-03,658.5778914243631
2023-01-04,658.5778914243631
2023-01-05,658.5778914243631
2023-01-06,658.5778914243631
2023-01-09,658.5778914243631
2023-01-10,658.5778914243631
2023-01-11,658.5778914243631
2023-01-12,658.5778914243631
2023-01-13,658.5778914243631
2023-01-16,658.5778914243631
2023-01-17,658.5778914243631
2023-01-18,658.5778914243631
2023-01-19,658.5778914243631
2023-01-20,658.5778914243631
2023-01-23,658.5778914243631
2023-01-24,658.5778914243631
2023-01-25,658.5778914243631
2023-01-26,658.5778914243631
2023-01-27,658.5778914243631
2023-01-30,658.5778914243631
2023-01-31,658.5778914243631
2023-02-01,658.5778914243631
2023-02-02,658.5778914243631
2023-02-03,658.5778914243631
2023-02-06,658.5778914243631
2023-02-07,658.5778914243631
2023-02-08,658.5778914243631
2023-02-09,658.5778914243631
2023-02-10,658.5778914243631
2023-02-13,658.5778914243631
2023-02-14,658.5778914243631
2023-02-15,658.5778914243631
2023-02-16,658.5778914243631
2023-02-17,658.5778914243631
2023-02-20,658.5778914243631
2023-02-21,658.5778914243631
2023-02-22,658.5778914243631
2023-02-23,658.5778914243631
2023-02-24,658.5778914243631
2023-02-27,658.5778914243631
2023-02-28,658.5778914243631
2023-03-01,658.5778914243631
2023-03-02,658.5778914243631
2023-03-03,658.5778914243631
2023-03-06,658.5778914243631
2023-03-07,658.5778914243631
2023-03-08,658.5778914243631
2023-03-09,658.5778914243631
2023-03-10,658.5778914243631
2023-03-13,658.5778914243631
2023-03-14,658.5778914243631
2023-03-15,658.5778914243631
2023-03-16,658.5778914243631
2023-03-17,658.5778914243631
2023-03-20,658.5778914243631
2023-03-21,658.5778914243631
2023-03-22,658.5778914243631
2023-03-23,658.5778914243631
2023-03-24,658.5778914243631
2023-03-27,658.5778914243631
2023-03-28,658.5778914243631
2023-03-29,658.5778914243631
2023-03-30,658.5778914243631
2023-03-31,658.5778914243631
2023-04-03,658.5778914243631
2023-04-04,658.5778914243631
2023-04-05,658.5778914243631
2023-04-06,658.5778914243631
2023-04-10,658.5778914243631
2023-04-11,658.5778914243631
2023-04-12,658.5778914243631
2023-04-13,658.5778914243631
2023-04-14,658.5778914243631
2023-04-17,658.5778914243631
2023-04-18,658.5778914243631
2023-04-19,658.5778914243631
2023-04-20,658.5778914243631
2023-04-21,658.5778914243631
2023-04-24,658.5778914243631
2023-04-25,658.5778914243631
2023-04-26,658.5778914243631
2023-04-27,658.5778914243631
2023-04-28,658.5778914243631
2023-05-01,658.5778914243631
2023-05-02,658.5778914243631
2023-05-03,658.5778914243631
2023-05-04,658.5778914243631
2023-05-05,658.5778914243631
2023-05-08,658.5778914243631
2023-05-09,658.5778914243631
2023-05-10,658.5778914243631
2023-05-11,658.5778914243631
2023-05-12,658.5778914243631
2023-05-15,658.5778914243631
2023-05-16,658.5778914243631
2023-05-17,658.5778914243631
2023-05-18,658.5778914243631
2023-05-19,658.5778914243631
2023-05-22,658.5778914243631
2023-05-23,658.5778914243631
2023-05-24,658.5778914243631
2023-05-25,658.5778914243631
2023-05-26,658.5778914243631
2023-05-29,658.5778914243631
2023-05-30,658.5778914243631
2023-05-31,658.5778914243631
2023-06-01,658.5778914243631
2023-06-02,658.5778914243631
2023-06-05,658.5778914243631
2023-06-06,658.5778914243631
2023-06-07,658.5778914243631
2023-06-08,658.5778914243631
2023-06-09,658.5778914243631
2023-06-12,658.5778914243631
2023-06-13,658.5778914243631
2023-06-14,658.5778914243631
2023-06-15,658.5778914243631
2023-06-16,658.5778914243631
2023-06-19,658.5778914243631
2023-06-20,658.5778914243631
2023-06-21,658.5778914243631
2023-06-22,658.5778914243631
2023-06-23,658.5778914243631
2023-06-26,658.5778914243631
2023-06-27,658.5778914243631
2023-06-28,658.5778914243631
2023-06-29,658.5778914243631
2023-06-30,658.5778914243631
2023-07-03,658.5778914243631
2023-07-04,658.5778914243631
2023-07-05,658.5778914243631
2023-07-06,658.5778914243631
2023-07-07,658.5778914243631
2023-07-10,658.5778914243631
2023-07-11,658.5778914243631
2023-07-12,658.5778914243631
2023-07-13,658.5778914243631
2023-07-14,658.5778914243631
2023-07-17,658.5778914243631
2023-07-18,658.5778914243631
2023-07-19,658.5778914243631
2023-07-20,658.5778914243631
2023-07-21,658.5778914243631
2023-07-24,658.5778914243631
2023-07-25,658.5778914243631
2023-07-26,658.5778914243631
2023-07-27,658.5778914243631
2023-07-28,658.5778914243631
2023-07-31,658.5778914243631
2023-08-01,658.5778914243631
2023-08-02,658.5778914243631
2023-08-03,658.5778914243631
2023-08-04,658.5778914243631
2023-08-07,658.5778914243631
2023-08-08,658.5778914243631
2023-08-09,658.5778914243631
2023-08-10,658.5778914243631
2023-08-11,658.5778914243631
2023-08-14,658.5778914243631
2023-08-15,658.5778914243631
2023-08-16,658.5778914243631
2023-08-17,658.5778914243631
2023-08-18,658.5778914243631
2023-08-21,658.5778914243631
2023-08-22,658.5778914243631
2023-08-23,658.5778914243631
2023-08-24,658.5778914243631
2023-08-25,658.5778914243631
2023-08-28,658.5778914243631
2023-08-29,658.5778914243631
2023-08-30,658.5778914243631
2023-08-31,658.5778914243631
2023-09-01,658.5778914243631
2023-09-04,658.5778914243631
2023-09-05,658.5778914243631
2023-09-06,658.5778914243631
2023-09-07,658.5778914243631
2023-09-08,658.5778914243631
2023-09-11,658.5778914243631
2023-09-12,658.5778914243631
2023-09-13,658.5778914243631
2023-09-14,658.5778914243631
2023-09-15,658.5778914243631
2023-09-18,658.5778914243631
2023-09-19,658.5778914243631
2023-09-20,658.5778914243631
2023-09-21,658.5778914243631
2023-09-22,658.5778914243631
2023-09-25,658.5778914243631
2023-09-26,658.5778914243631
2023-09-27,658.5778914243631
2023-09-28,658.5778914243631
2023-09-29,658.5778914243631
2023-10-02,658.5778914243631
2023-10-03,658.5778914243631
2023-10-04,658.5778914243631
2023-10-05,658.5778914243631
2023-10-06,658.5778914243631
2023-10-09,658.5778914243631
2023-10-10,658.5778914243631
2023-10-11,658.5778914243631
2023-10-12,658.5778914243631
2023-10-13,658.5778914243631
2023-10-16,658.5778914243631
2023-10-17,658.5778914243631
2023-10-18,658.5778914243631
2023-10-19,658.5778914243631
2023-10-20,658.5778914243631
2023-10-23,658.5778914243631
2023-10-24,658.5778914243631
2023-10-25,658.5778914243631
2023-10-26,658.5778914243631
2023-10-27,658.5778914243631
2023-10-30,658.5778914243631
2023-10-31,658.5778914243631
2023-11-01,658.5778914243631
2023-11-02,658.5778914243631
2023-11-03,658.5778914243631
2023-11-06,658.5778914243631
2023-11-07,658.5778914243631
2023-11-08,658.5778914243631
2023-11-09,658.5778914243631
2023-11-10,658.5778914243631
2023-11-13,658.5778914243631
2023-11-14,658.5778914243631
2023-11-15,658.5778914243631
2023-11-16,658.5778914243631
2023-11-17,658.5778914243631
2023-11-20,658.5778914243631
2023-11-21,658.5778914243631
2023-11-22,658.5778914243631
2023-11-23,658.5778914243631
2023-11-24,658.5778914243631
2023-11-27,658.5778914243631
2023-11-28,658.5778914243631
2023-11-29,658.5778914243631
2023-11-30,658.5778914243631
2023-12-01,658.5778914243631
2023-12-04,658.5778914243631
2023-12-05,658.5778914243631
2023-12-06,658.5778914243631
2023-12-07,658.5778914243631
2023-12-08,658.5778914243631
2023-12-11,658.5778914243631
2023-12-12,658.5778914243631
2023-12-13,658.5778914243631
2023-12-14,658.5778914243631
2023-12-15,658.5778914243631
2023-12-18,658.5778914243631
2023-12-19,658.5778914243631
2023-12-20,658.5778914243631
2023-12-21,658.5778914243631
2023-12-22,658.5778914243631
2023-12-26,658.5778914243631
2023-12-27,658.5778914243631
2023-12-28,658.5778914243631
2023-12-29,658.5778914243631
