symbol,bucket,direction,entry_date,exit_date,entry_price,exit_price,shares,pnl_eur,pnl_pct,exit_reason,hold_days,entry_confidence,size_eur_at_entry
MOS,us_midsmall,LONG,2014-03-31,2014-04-03,49.4934,49.2964,15.1535,-2.98,-0.398,halve_timestop,3,60.0,1500.0
MC.PA,eu_large,LONG,2014-03-31,2014-04-03,134.4854,133.2161,5.5768,-7.08,-0.944,halve_timestop,3,63.33,1500.0
MC.PA,eu_large,LONG,2014-03-31,2014-04-08,134.4854,134.7124,5.5768,-8.73,-1.165,stagnant_8d,8,63.33,750.0
MOS,us_midsmall,LONG,2014-03-31,2014-04-10,49.4934,47.9598,15.1535,-33.24,-4.432,max_hold_10d,10,60.0,750.0
MC.PA,eu_large,LONG,2014-04-09,2014-04-10,135.5881,138.6304,10.9777,23.4,1.572,target,1,60.0,1488.45
MOS,us_midsmall,LONG,2014-04-21,2014-04-24,49.0223,48.668,15.1789,-5.38,-0.723,halve_timestop,3,60.0,1488.2
CL=F,commodity,LONG,2014-04-21,2014-04-24,104.8014,101.6852,7.1001,-22.13,-2.973,halve_timestop,3,60.0,1488.2
MOS,us_midsmall,LONG,2014-04-21,2014-04-30,49.0223,50.1222,15.1789,6.7,0.9,target,9,60.0,744.1
CL=F,commodity,LONG,2014-04-21,2014-05-01,104.8014,99.1714,7.1001,-49.97,-6.716,max_hold_10d,10,60.0,744.1
NVDA,us_large,LONG,2014-04-28,2014-05-01,0.4732,0.4631,1558.0855,-15.72,-2.133,halve_timestop,3,60.0,1474.51
MOS,us_midsmall,LONG,2014-05-02,2014-05-05,49.9847,49.5857,14.6459,-5.84,-0.798,halve_timestop,3,60.0,1464.14
NVDA,us_large,LONG,2014-04-28,2014-05-08,0.4732,0.4613,1558.0855,-28.44,-3.858,max_hold_10d,10,60.0,737.25
F,us_midsmall,LONG,2014-05-05,2014-05-08,15.8495,15.7705,46.1081,-3.64,-0.499,halve_timestop,3,60.0,1461.58
MOS,us_midsmall,LONG,2014-05-02,2014-05-12,49.9847,48.5982,14.6459,-30.31,-4.14,max_hold_10d,10,60.0,732.07
F,us_midsmall,LONG,2014-05-05,2014-05-12,15.8495,15.8004,46.1081,-12.27,-1.678,stagnant_7d,7,60.0,730.79
MOS,us_midsmall,LONG,2014-05-20,2014-05-23,49.4634,49.4062,14.6387,-0.84,-0.116,halve_timestop,3,60.0,1448.15
MOS,us_midsmall,LONG,2014-05-20,2014-05-27,49.4634,49.4461,14.6387,-10.25,-1.416,stagnant_7d,7,60.0,724.08
GOOGL,us_large,LONG,2014-05-27,2014-05-30,28.46,28.511,25.3896,1.3,0.179,halve_timestop,3,60.0,1445.17
MOS,us_midsmall,LONG,2014-05-28,2014-06-02,49.7741,49.7154,29.0141,-11.7,-0.81,stagnant_5d,5,60.0,1444.15
META,us_large,LONG,2014-05-29,2014-06-02,63.9996,62.9223,11.2425,-12.11,-1.683,halve_timestop,4,60.0,1439.03
AAPL,us_large,LONG,2014-06-03,2014-06-04,22.5011,23.006,63.5585,22.09,1.545,target,1,63.33,1430.14
GOOGL,us_large,LONG,2014-05-27,2014-06-06,28.46,28.2307,25.3896,-15.82,-2.189,max_hold_10d,10,60.0,722.59
META,us_large,LONG,2014-05-29,2014-06-09,63.9996,62.7228,11.2425,-24.35,-3.385,max_hold_11d,11,60.0,719.52
JNJ,us_large,LONG,2014-06-05,2014-06-09,103.0369,102.962,6.9411,-0.52,-0.073,halve_timestop,4,61.67,1430.37
JNJ,us_large,LONG,2014-06-05,2014-06-11,103.0369,103.0617,6.9411,-9.83,-1.374,stagnant_6d,6,61.67,715.19
META,us_large,LONG,2014-06-11,2014-06-16,65.4833,64.0295,10.8915,-15.83,-2.22,halve_timestop,5,60.0,1426.43
META,us_large,LONG,2014-06-11,2014-06-18,65.4833,65.436,10.8915,-10.52,-1.474,stagnant_7d,7,60.0,713.21
MC.PA,eu_large,LONG,2014-06-16,2014-06-25,144.5605,143.3407,9.8169,-21.97,-1.548,stagnant_9d,9,60.0,1419.13
GC=F,commodity,LONG,2014-06-24,2014-06-27,1318.889,1315.7025,0.5371,-1.71,-0.242,halve_timestop,3,60.0,1416.78
GC=F,commodity,LONG,2014-06-24,2014-06-30,1318.889,1318.4955,0.5371,-10.21,-1.441,stagnant_6d,6,60.0,708.39
META,us_large,LONG,2014-06-26,2014-06-30,68.17,67.1218,13.8001,-14.47,-1.538,halve_timestop,4,65.0,1881.51
META,us_large,LONG,2014-06-26,2014-07-01,68.17,67.8898,13.8001,-13.87,-1.474,stagnant_5d,5,65.0,940.75
META,us_large,LONG,2014-07-02,2014-07-07,68.2101,65.1268,13.6838,-42.19,-4.52,halve_timestop,5,65.0,1866.75
AAPL,us_large,LONG,2014-07-02,2014-07-08,23.5262,24.054,59.5108,21.41,1.529,target,6,60.0,1400.06
META,us_large,LONG,2014-07-02,2014-07-14,68.2101,67.7303,13.6838,-16.57,-1.775,max_hold_12d,12,65.0,933.37
AAPL,us_large,LONG,2014-07-09,2014-07-15,23.9197,23.7704,57.7457,-18.62,-1.348,stagnant_6d,6,63.33,1381.26
MC.PA,eu_large,LONG,2014-07-25,2014-07-28,135.3375,136.3811,10.2386,0.68,0.049,stop,3,60.0,1385.67
GAP,us_midsmall,LONG,2014-07-30,2014-08-04,40.7215,40.0197,16.9968,-11.93,-1.724,halve_timestop,5,60.0,1384.27
GAP,us_midsmall,LONG,2014-07-30,2014-08-08,40.7215,41.6352,16.9968,5.53,0.799,target,9,60.0,692.13
JNJ,us_large,LONG,2014-08-15,2014-08-18,102.4655,102.4432,6.7355,-0.15,-0.022,halve_timestop,3,60.0,1380.31
JNJ,us_large,LONG,2014-08-15,2014-08-25,102.4655,102.9719,6.7355,-6.59,-0.955,max_hold_10d,10,60.0,690.15
BA,stress,LONG,2014-08-19,2014-08-26,125.5331,128.3497,10.9734,20.91,1.518,target,7,60.0,1377.52
MOS,us_midsmall,LONG,2014-08-19,2014-08-29,47.0674,47.6406,29.2671,6.78,0.492,max_hold_10d,10,60.0,1377.52
ASML.AS,eu_large,LONG,2014-08-27,2014-09-02,72.5609,74.189,18.9547,20.86,1.517,target,6,61.67,1375.37
AAPL,us_large,LONG,2014-08-26,2014-09-03,25.4184,24.6732,27.1444,-20.23,-2.932,halve_timestop,8,61.67,1379.93
MC.PA,eu_large,LONG,2014-09-02,2014-09-03,134.1846,137.1954,10.2769,20.94,1.519,target,1,60.0,1379.0
AAPL,us_large,LONG,2014-08-26,2014-09-05,25.4184,24.6806,27.1444,-30.03,-4.352,max_hold_10d,10,61.67,689.97
JNJ,us_large,LONG,2014-09-03,2014-09-08,104.0795,103.7899,13.2364,-13.83,-1.004,stagnant_5d,5,60.0,1377.64
ASML.AS,eu_large,LONG,2014-09-04,2014-09-12,74.7464,76.4235,24.4341,30.98,1.696,target,8,65.0,1826.36
META,us_large,LONG,2014-09-12,2014-09-15,78.215,74.3936,8.752,-33.45,-4.886,halve_timestop,3,60.0,1369.08
ASML.AS,eu_large,LONG,2014-09-15,2014-09-17,76.5609,78.2788,17.8462,20.66,1.512,target,2,61.67,1366.32
META,us_large,LONG,2014-09-12,2014-09-19,78.215,77.7152,8.752,-14.37,-2.1,stagnant_7d,7,60.0,684.54
JNJ,us_large,LONG,2014-09-15,2014-09-19,104.8515,107.2041,13.0311,20.66,1.512,target,4,60.0,1366.32
ASML.AS,eu_large,LONG,2014-09-18,2014-09-22,77.8742,77.8249,11.6608,-0.57,-0.063,halve_timestop,4,65.0,1816.15
ASML.AS,eu_large,LONG,2014-09-18,2014-09-24,77.8742,77.9746,11.6608,-8.83,-0.972,stagnant_6d,6,65.0,908.07
META,us_large,LONG,2014-09-22,2014-09-25,77.1925,77.027,8.8361,-1.46,-0.214,halve_timestop,3,60.0,1364.17
META,us_large,LONG,2014-09-22,2014-09-29,77.1925,78.9245,8.8361,5.3,0.778,target,7,60.0,682.08
ASML.AS,eu_large,LONG,2014-09-25,2014-09-29,78.2351,78.3636,8.6946,1.12,0.164,halve_timestop,4,60.0,1360.44
ASML.AS,eu_large,LONG,2014-09-25,2014-10-03,78.2351,77.9047,8.6946,-12.87,-1.892,stagnant_8d,8,60.0,680.22
META,us_large,LONG,2014-09-30,2014-10-03,79.5484,77.2464,8.5076,-19.58,-2.894,halve_timestop,3,63.33,1353.54
META,us_large,LONG,2014-09-30,2014-10-10,79.5484,72.7277,8.5076,-68.03,-10.052,max_hold_10d,10,63.33,676.77
JNJ,us_large,LONG,2014-10-27,2014-10-30,103.3277,105.6461,12.9204,19.95,1.495,target,3,60.0,1335.04
MSFT,us_large,LONG,2014-10-31,2014-11-06,47.0573,48.1132,28.4022,19.99,1.496,target,6,60.0,1336.53
AAPL,us_large,LONG,2014-11-03,2014-11-06,27.1226,27.1071,24.6026,-0.38,-0.057,halve_timestop,3,60.0,1334.58
ASML.AS,eu_large,LONG,2014-11-04,2014-11-06,79.6185,81.405,16.7906,20.0,1.496,target,2,60.0,1336.84
AAPL,us_large,LONG,2014-11-03,2014-11-10,27.1226,27.1395,24.6026,-9.59,-1.437,stagnant_7d,7,60.0,667.29
ASML.AS,eu_large,LONG,2014-11-07,2014-11-10,82.205,81.0968,10.8401,-12.01,-1.348,halve_timestop,3,65.0,1782.22
ASML.AS,eu_large,LONG,2014-11-07,2014-11-13,82.205,81.7152,10.8401,-15.31,-1.718,stagnant_6d,6,65.0,891.11
AAPL,us_large,LONG,2014-11-14,2014-11-17,28.3582,28.9945,46.8272,19.8,1.491,target,3,60.0,1327.94
ASML.AS,eu_large,LONG,2014-11-18,2014-11-19,82.2551,84.1007,16.162,19.83,1.492,target,1,60.0,1329.41
ASML.AS,eu_large,LONG,2014-11-20,2014-11-24,84.19,82.9022,10.5387,-13.57,-1.53,halve_timestop,4,65.0,1774.51
AAPL,us_large,LONG,2014-11-21,2014-11-25,29.4509,29.3265,22.5624,-2.81,-0.423,halve_timestop,4,61.67,1328.97
ASML.AS,eu_large,LONG,2014-11-20,2014-11-27,84.19,84.3386,10.5387,-8.43,-0.95,stagnant_7d,7,65.0,887.25
AAPL,us_large,LONG,2014-11-21,2014-12-01,29.4509,28.6956,22.5624,-27.04,-4.07,max_hold_10d,10,61.67,664.48
ASML.AS,eu_large,LONG,2014-12-04,2014-12-09,87.7689,86.2837,7.5032,-11.14,-1.692,halve_timestop,5,60.0,1317.1
ASML.AS,eu_large,LONG,2014-12-04,2014-12-15,87.7689,82.9421,7.5032,-46.22,-7.018,max_hold_11d,11,60.0,658.55
ASML.AS,eu_large,LONG,2015-01-23,2015-01-26,94.5157,94.543,6.9062,0.19,0.029,halve_timestop,3,63.33,1305.5
GC=F,commodity,LONG,2015-01-23,2015-01-26,1303.0495,1276.2015,0.5009,-13.45,-2.06,halve_timestop,3,60.0,1305.5
ASML.AS,eu_large,LONG,2015-01-23,2015-02-02,94.5157,90.6229,6.9062,-36.88,-5.651,max_hold_10d,10,63.33,652.75
GC=F,commodity,LONG,2015-01-23,2015-02-02,1303.0495,1273.0095,0.5009,-25.05,-3.837,max_hold_10d,10,60.0,652.75
AAPL,us_large,LONG,2015-02-12,2015-02-23,31.5938,32.3027,40.7744,18.9,1.467,target,11,60.0,1288.22
AAPL,us_large,LONG,2015-02-24,2015-02-27,33.3181,32.0347,19.3522,-24.84,-3.852,halve_timestop,3,60.0,1289.55
BA,stress,LONG,2015-02-24,2015-02-27,153.8837,150.4729,4.19,-14.29,-2.217,halve_timestop,3,61.67,1289.55
BA,stress,LONG,2015-02-24,2015-03-02,153.8837,153.4155,4.19,-11.96,-1.855,stagnant_6d,6,61.67,644.78
MC.PA,eu_large,LONG,2015-02-24,2015-03-03,162.2546,161.994,7.9477,-12.07,-0.936,stagnant_7d,7,60.0,1289.55
AAPL,us_large,LONG,2015-02-24,2015-03-06,33.3181,31.5709,19.3522,-43.81,-6.795,max_hold_10d,10,60.0,644.78
ASML.AS,eu_large,LONG,2015-03-06,2015-03-09,99.2475,98.942,6.3894,-1.95,-0.308,halve_timestop,3,60.0,1268.27
MC.PA,eu_large,LONG,2015-03-05,2015-03-10,165.8135,165.8344,7.6541,-9.84,-0.775,stagnant_5d,5,61.67,1269.15
ASML.AS,eu_large,LONG,2015-03-06,2015-03-11,99.2475,101.4744,6.3894,4.23,0.667,target,5,60.0,634.13
MC.PA,eu_large,LONG,2015-03-11,2015-03-12,166.7158,170.4564,7.5561,18.27,1.45,target,1,60.0,1259.72
MC.PA,eu_large,LONG,2015-03-17,2015-03-20,174.9363,168.8269,3.6059,-22.03,-3.492,halve_timestop,3,61.67,1261.61
NVDA,us_large,LONG,2015-03-23,2015-03-26,0.5707,0.5229,1097.155,-52.37,-8.364,halve_timestop,3,60.0,1252.23
GAP,us_midsmall,LONG,2015-03-23,2015-03-26,43.1075,42.294,14.5245,-11.82,-1.887,halve_timestop,3,60.0,1252.23
MC.PA,eu_large,LONG,2015-03-17,2015-03-27,174.9363,161.8444,3.6059,-57.21,-9.069,max_hold_10d,10,61.67,630.81
GAP,us_midsmall,LONG,2015-03-23,2015-03-30,43.1075,43.0222,14.5245,-11.24,-1.795,stagnant_7d,7,60.0,626.12
NVDA,us_large,LONG,2015-03-23,2015-04-02,0.5707,0.5252,1097.155,-59.91,-9.568,max_hold_10d,10,60.0,626.12
SAP.DE,eu_large,LONG,2015-03-31,2015-04-08,67.1675,67.1816,18.2206,-9.74,-0.796,stagnant_8d,8,61.67,1223.83
SAP.DE,eu_large,LONG,2015-04-14,2015-04-17,69.0522,66.4435,8.8156,-23.0,-3.778,halve_timestop,3,61.67,1217.47
ASML.AS,eu_large,LONG,2015-04-14,2015-04-17,95.0671,87.9995,6.4032,-45.26,-7.434,halve_timestop,3,60.0,1217.47
SAP.DE,eu_large,LONG,2015-04-14,2015-04-21,69.0522,68.7677,8.8156,-12.51,-2.055,stagnant_7d,7,61.67,608.73
ASML.AS,eu_large,LONG,2015-04-14,2015-04-22,95.0671,97.2001,6.4032,3.66,0.601,target,8,60.0,608.73
AMZN,us_large,LONG,2015-04-28,2015-05-01,21.9803,21.0906,27.2949,-24.28,-4.048,halve_timestop,3,61.67,1199.9
SAP.DE,eu_large,LONG,2015-04-28,2015-05-04,70.3755,68.2888,8.525,-17.79,-2.965,halve_timestop,6,60.0,1199.9
AMZN,us_large,LONG,2015-04-28,2015-05-08,21.9803,21.6303,27.2949,-19.55,-3.259,max_hold_10d,10,61.67,599.95
SAP.DE,eu_large,LONG,2015-04-28,2015-05-08,70.3755,67.7502,8.525,-32.38,-5.397,max_hold_10d,10,60.0,599.95
AMZN,us_large,LONG,2015-07-21,2015-07-24,24.456,25.0047,64.3224,25.3,1.608,target,3,65.0,1573.07
SAP.DE,eu_large,LONG,2015-07-21,2015-07-24,67.8592,66.3238,8.693,-13.35,-2.263,halve_timestop,3,60.0,1179.8
SAP.DE,eu_large,LONG,2015-07-21,2015-07-31,67.8592,65.0969,8.693,-34.01,-5.766,max_hold_10d,10,60.0,589.9
AMZN,us_large,LONG,2015-07-29,2015-08-03,26.6124,26.6846,44.0968,-6.81,-0.581,stagnant_5d,5,61.67,1173.52
AMZN,us_large,LONG,2015-08-04,2015-08-07,26.5507,26.0657,22.0233,-10.68,-1.827,halve_timestop,3,60.0,1169.47
AMZN,us_large,LONG,2015-08-04,2015-08-13,26.5507,26.4168,22.0233,-12.95,-2.215,stagnant_9d,9,60.0,584.73
GPRO,stress,LONG,2015-08-11,2015-08-14,64.16,58.7029,9.0688,-49.49,-8.505,halve_timestop,3,60.0,1163.71
GPRO,stress,LONG,2015-08-11,2015-08-21,64.16,49.3751,9.0688,-144.08,-24.763,stop,10,60.0,581.85
V,us_large,LONG,2015-10-29,2015-11-02,78.7865,75.032,7.1769,-26.95,-4.765,halve_timestop,4,60.0,1130.89
BA,stress,LONG,2015-10-29,2015-11-02,147.9088,148.029,3.8229,0.46,0.081,halve_timestop,4,60.0,1130.89
BA,stress,LONG,2015-10-29,2015-11-03,147.9088,147.7198,3.8229,-10.72,-1.896,stagnant_5d,5,60.0,565.44
AMZN,us_large,LONG,2015-10-29,2015-11-04,30.9622,31.6569,36.5248,15.37,1.359,target,6,61.67,1130.89
V,us_large,LONG,2015-10-29,2015-11-04,78.7865,78.1541,7.1769,-14.54,-2.571,stagnant_6d,6,60.0,565.44
GOOGL,us_large,LONG,2015-11-06,2015-11-09,38.0644,37.6442,14.6886,-6.17,-1.104,halve_timestop,3,60.0,1118.22
AMZN,us_large,LONG,2015-11-05,2015-11-11,32.4359,33.1637,34.4659,15.08,1.349,target,6,61.67,1117.93
GOOGL,us_large,LONG,2015-11-06,2015-11-11,38.0644,38.1668,14.6886,-8.5,-1.519,stagnant_5d,5,60.0,559.11
AMZN,us_large,LONG,2015-11-12,2015-11-16,33.7341,32.3095,16.504,-23.51,-4.223,halve_timestop,4,61.67,1113.49
AMZN,us_large,LONG,2015-11-12,2015-11-23,33.7341,33.8646,16.504,-7.85,-1.409,max_hold_11d,11,61.67,556.75
SAP.DE,eu_large,LONG,2015-11-24,2015-11-27,74.3354,74.3537,7.4378,0.14,0.025,halve_timestop,3,60.0,1105.79
SAP.DE,eu_large,LONG,2015-11-24,2015-11-30,74.3354,74.4035,7.4378,-9.49,-1.717,stagnant_6d,6,60.0,552.9
NVDA,us_large,LONG,2015-12-03,2015-12-04,0.821,0.8395,1341.4409,14.71,1.336,target,1,60.0,1101.39
JNJ,us_large,LONG,2016-02-01,2016-02-04,103.869,103.6403,5.3052,-1.21,-0.22,halve_timestop,3,60.0,1102.09
JNJ,us_large,LONG,2016-02-01,2016-02-11,103.869,101.4457,5.3052,-22.86,-4.148,max_hold_10d,10,60.0,551.05
NVDA,us_large,LONG,2016-02-23,2016-02-29,0.7837,0.782,1397.827,-12.33,-1.125,stagnant_6d,6,60.0,1095.48
NVDA,us_large,LONG,2016-03-02,2016-03-07,0.8163,0.8065,668.9657,-6.56,-1.201,halve_timestop,5,60.0,1092.13
NVDA,us_large,LONG,2016-03-02,2016-03-14,0.8163,0.8055,668.9657,-17.23,-3.155,max_hold_12d,12,60.0,546.07
NVDA,us_large,LONG,2016-03-30,2016-04-04,0.8902,0.9102,1219.4355,14.36,1.323,target,5,60.0,1085.57
XOM,us_large,LONG,2016-05-11,2016-05-16,89.3829,89.3461,12.1524,-10.45,-0.962,stagnant_5d,5,60.0,1086.22
AMZN,us_large,LONG,2016-05-13,2016-05-16,35.8213,35.4442,15.148,-5.71,-1.053,halve_timestop,3,61.67,1085.24
CL=F,commodity,LONG,2016-05-17,2016-05-20,48.0198,47.6306,11.2312,-4.37,-0.81,halve_timestop,3,60.0,1078.64
AMZN,us_large,LONG,2016-05-13,2016-05-23,35.8213,34.7504,15.148,-26.22,-4.833,max_hold_10d,10,61.67,542.62
CL=F,commodity,LONG,2016-05-17,2016-05-23,48.0198,47.9598,11.2312,-10.67,-1.979,stagnant_6d,6,60.0,539.32
NVDA,us_large,LONG,2016-05-24,2016-05-25,1.1133,1.1383,961.2219,14.01,1.309,target,1,60.0,1070.11
NVDA,us_large,LONG,2016-05-26,2016-05-31,1.1341,1.1595,944.1211,14.02,1.31,target,5,60.0,1070.71
AMZN,us_large,LONG,2016-05-27,2016-06-01,35.8394,35.8821,29.8616,-8.73,-0.815,stagnant_5d,5,60.0,1070.22
ASML.AS,eu_large,LONG,2016-05-30,2016-06-02,90.1749,88.9271,5.9251,-7.39,-1.384,halve_timestop,3,60.0,1068.59
SAP.DE,eu_large,LONG,2016-06-01,2016-06-06,72.7715,71.2913,7.3399,-10.86,-2.034,halve_timestop,5,60.0,1068.28
SAP.DE,eu_large,LONG,2016-06-01,2016-06-07,72.7715,72.1891,7.3399,-14.27,-2.672,stagnant_6d,6,60.0,534.14
ASML.AS,eu_large,LONG,2016-05-30,2016-06-09,90.1749,88.0394,5.9251,-22.65,-4.24,max_hold_10d,10,60.0,534.29
NVDA,us_large,LONG,2016-07-12,2016-07-15,1.3183,1.3142,399.8461,-1.63,-0.31,halve_timestop,3,60.0,1054.22
SI=F,commodity,LONG,2016-07-12,2016-07-15,20.461,20.0747,25.7618,-9.95,-1.888,halve_timestop,3,60.0,1054.22
NVDA,us_large,LONG,2016-07-12,2016-07-18,1.3183,1.3209,399.8461,-8.94,-1.696,stagnant_6d,6,60.0,527.11
SI=F,commodity,LONG,2016-07-12,2016-07-22,20.461,19.6079,25.7618,-31.98,-6.067,max_hold_10d,10,60.0,527.11
NVDA,us_large,LONG,2016-07-21,2016-07-25,1.3559,1.3863,768.3186,13.37,1.284,target,4,61.67,1041.75
ASML.AS,eu_large,LONG,2016-07-22,2016-07-25,96.3503,96.568,5.3871,1.17,0.226,halve_timestop,3,60.0,1038.1
ASML.AS,eu_large,LONG,2016-07-22,2016-07-27,96.3503,98.5121,5.3871,1.65,0.317,target,5,60.0,519.05
SAP.DE,eu_large,LONG,2016-07-29,2016-08-01,78.5258,78.214,6.5992,-2.06,-0.397,halve_timestop,3,61.67,1036.42
NVDA,us_large,LONG,2016-07-26,2016-08-02,1.4078,1.3975,737.6269,-17.57,-1.692,stagnant_7d,7,60.0,1038.4
ASML.AS,eu_large,LONG,2016-08-01,2016-08-04,98.7462,98.6827,5.252,-0.33,-0.064,halve_timestop,3,61.67,1037.23
SAP.DE,eu_large,LONG,2016-07-29,2016-08-08,78.5258,77.2364,6.5992,-18.51,-3.572,max_hold_10d,10,61.67,518.21
ASML.AS,eu_large,LONG,2016-08-01,2016-08-08,98.7462,98.5729,5.252,-10.91,-2.104,stagnant_7d,7,61.67,518.62
SI=F,commodity,LONG,2016-08-04,2016-08-08,20.446,19.7186,25.0816,-18.24,-3.558,halve_timestop,4,60.0,1025.64
NVDA,us_large,LONG,2016-08-09,2016-08-12,1.4794,1.5126,686.1268,12.78,1.259,target,3,61.67,1015.08
SI=F,commodity,LONG,2016-08-04,2016-08-15,20.446,19.7714,25.0816,-26.92,-5.249,max_hold_11d,11,60.0,512.82
SAP.DE,eu_large,LONG,2016-08-10,2016-08-15,78.9368,78.5731,12.8332,-14.67,-1.448,stagnant_5d,5,61.67,1013.02
NVDA,us_large,LONG,2016-08-15,2016-08-18,1.5817,1.5486,320.1986,-10.59,-2.091,halve_timestop,3,61.67,1012.91
NVDA,us_large,LONG,2016-08-15,2016-08-23,1.5817,1.5688,320.1986,-14.12,-2.789,stagnant_8d,8,61.67,506.46
SAP.DE,eu_large,LONG,2016-09-06,2016-09-09,81.002,78.6529,6.1949,-14.55,-2.9,halve_timestop,3,60.0,1003.61
V,us_large,LONG,2016-09-08,2016-09-12,83.2275,82.7626,6.0165,-2.8,-0.559,halve_timestop,4,60.0,1001.47
SAP.DE,eu_large,LONG,2016-09-06,2016-09-16,81.002,77.6155,6.1949,-30.98,-6.174,max_hold_10d,10,60.0,501.8
V,us_large,LONG,2016-09-08,2016-09-19,83.2275,82.3037,6.0165,-15.56,-3.107,max_hold_11d,11,60.0,500.73
AAPL,us_large,LONG,2016-09-16,2016-09-19,28.852,28.324,17.1889,-9.07,-1.83,halve_timestop,3,60.0,991.87
AAPL,us_large,LONG,2016-09-16,2016-09-26,28.852,28.1494,17.1889,-22.08,-4.451,max_hold_10d,10,60.0,495.93
NVDA,us_large,LONG,2016-10-03,2016-10-06,1.7173,1.6793,285.4362,-10.84,-2.212,halve_timestop,3,60.0,980.35
NVDA,us_large,LONG,2016-10-03,2016-10-13,1.7173,1.6297,285.4362,-35.01,-7.142,max_hold_10d,10,60.0,490.17
AAPL,us_large,LONG,2016-10-13,2016-10-17,29.2705,29.314,16.626,0.72,0.149,halve_timestop,4,60.0,973.3
GAP,us_midsmall,LONG,2016-10-13,2016-10-17,26.7467,26.0946,18.1948,-11.86,-2.438,halve_timestop,4,61.67,973.3
AAPL,us_large,LONG,2016-10-13,2016-10-18,29.2705,29.2941,16.626,-9.61,-1.974,stagnant_5d,5,60.0,486.65
GAP,us_midsmall,LONG,2016-10-13,2016-10-24,26.7467,26.4836,18.1948,-14.79,-3.038,max_hold_11d,11,61.67,486.65
GAP,us_midsmall,LONG,2016-11-11,2016-11-14,28.4209,29.0586,33.7478,11.52,1.201,target,3,60.0,959.14
GAP,us_midsmall,LONG,2016-11-15,2016-11-18,30.0349,25.546,15.9709,-71.69,-14.946,halve_timestop,3,60.0,959.37
GAP,us_midsmall,LONG,2016-11-15,2016-11-25,30.0349,25.5061,15.9709,-82.33,-17.163,max_hold_10d,10,60.0,479.68
NVDA,us_large,LONG,2016-11-25,2016-11-28,2.3664,2.3469,197.849,-3.86,-0.825,halve_timestop,3,61.67,936.38
NVDA,us_large,LONG,2016-11-25,2016-12-05,2.3664,2.2913,197.849,-24.87,-5.311,max_hold_10d,10,61.67,468.19
CLF,us_midsmall,LONG,2016-12-07,2016-12-08,10.5262,10.7624,87.9664,10.78,1.164,target,1,60.0,925.96
NVDA,us_large,LONG,2016-12-20,2016-12-22,2.621,2.6798,353.3231,10.78,1.164,target,2,60.0,926.07
JPM,us_large,LONG,2016-12-21,2016-12-27,86.6461,86.9122,14.2343,-6.21,-0.504,stagnant_6d,6,65.0,1233.34
NVDA,us_large,LONG,2016-12-23,2016-12-27,2.6661,2.726,347.0213,10.76,1.163,target,4,61.67,925.21
ASML.AS,eu_large,LONG,2016-12-27,2016-12-30,106.5658,106.3834,4.3547,-0.79,-0.171,halve_timestop,3,60.0,928.13
ASML.AS,eu_large,LONG,2016-12-27,2017-01-02,106.5658,106.7824,4.3547,-9.06,-1.952,stagnant_6d,6,60.0,464.07
NVDA,us_large,LONG,2016-12-28,2017-01-03,2.9975,2.5439,153.8438,-69.78,-15.133,halve_timestop,6,61.67,922.29
JPM,us_large,LONG,2016-12-28,2017-01-03,87.3779,87.0119,10.5551,-13.86,-1.503,stagnant_6d,6,61.67,922.29
NVDA,us_large,LONG,2016-12-28,2017-01-09,2.9975,2.6753,153.8438,-59.57,-12.917,max_hold_12d,12,61.67,461.14
MC.PA,eu_large,LONG,2017-01-13,2017-01-16,188.47,187.0811,2.3702,-3.29,-0.737,halve_timestop,3,60.0,893.41
MC.PA,eu_large,LONG,2017-01-13,2017-01-18,188.47,187.6298,2.3702,-11.99,-2.684,stagnant_5d,5,60.0,446.71
MC.PA,eu_large,LONG,2017-01-19,2017-01-23,189.5226,189.8741,2.343,0.82,0.185,halve_timestop,4,60.0,888.12
MC.PA,eu_large,LONG,2017-01-19,2017-01-24,189.5226,188.5774,2.343,-12.21,-2.751,stagnant_5d,5,60.0,444.06
BA,stress,LONG,2017-01-30,2017-02-02,166.3348,161.8543,2.6555,-11.9,-2.694,halve_timestop,3,60.0,883.41
BA,stress,LONG,2017-01-30,2017-02-07,166.3348,166.0838,2.6555,-10.67,-2.415,stagnant_8d,8,60.0,441.71
ASML.AS,eu_large,LONG,2017-02-14,2017-02-17,119.2474,118.3534,3.6773,-3.29,-0.75,halve_timestop,3,60.0,877.03
ASML.AS,eu_large,LONG,2017-02-14,2017-02-24,119.2474,115.3609,3.6773,-24.29,-5.54,max_hold_10d,10,60.0,438.51
AAPL,us_large,LONG,2017-02-24,2017-02-27,34.0624,34.1469,12.8023,1.08,0.248,halve_timestop,3,61.67,872.16
AAPL,us_large,LONG,2017-02-24,2017-03-01,34.0624,34.8267,12.8023,-0.22,-0.049,target,5,61.67,436.08
AAPL,us_large,LONG,2017-03-02,2017-03-06,35.0875,34.7479,12.3551,-4.2,-0.968,halve_timestop,4,61.67,867.02
AAPL,us_large,LONG,2017-03-02,2017-03-07,35.0875,34.7928,12.3551,-13.64,-3.147,stagnant_5d,5,61.67,433.51
MC.PA,eu_large,LONG,2017-03-15,2017-03-20,198.896,199.5,4.3306,-7.38,-0.857,stagnant_5d,5,60.0,861.34
JNJ,us_large,LONG,2017-03-20,2017-03-23,128.3601,125.5853,3.3559,-9.31,-2.162,halve_timestop,3,61.67,861.54
SAP.DE,eu_large,LONG,2017-03-21,2017-03-24,91.9192,90.573,4.6614,-6.28,-1.465,halve_timestop,3,60.0,856.94
NVDA,us_large,LONG,2017-03-24,2017-03-27,2.7311,2.6995,155.6621,-4.92,-1.156,halve_timestop,3,60.0,850.25
JNJ,us_large,LONG,2017-03-20,2017-03-30,128.3601,124.3484,3.3559,-23.46,-5.447,max_hold_10d,10,61.67,430.77
SAP.DE,eu_large,LONG,2017-03-21,2017-03-30,91.9192,91.1615,4.6614,-13.53,-3.158,stagnant_9d,9,60.0,428.47
NVDA,us_large,LONG,2017-03-24,2017-03-30,2.7311,2.7282,155.6621,-10.45,-2.458,stagnant_6d,6,60.0,425.12
ASML.AS,eu_large,LONG,2017-03-31,2017-04-03,124.0594,123.3409,3.3836,-2.43,-0.579,halve_timestop,3,60.0,839.54
ASML.AS,eu_large,LONG,2017-03-31,2017-04-05,124.0594,123.1414,3.3836,-13.11,-3.122,stagnant_5d,5,60.0,419.77
MC.PA,eu_large,LONG,2017-04-05,2017-04-10,207.0162,206.9314,4.0399,-10.34,-1.237,stagnant_5d,5,61.67,836.33
CL=F,commodity,LONG,2017-04-10,2017-04-12,52.4408,53.6174,15.9049,8.71,1.045,target,2,60.0,834.07
CL=F,commodity,LONG,2017-04-13,2017-04-17,52.9821,52.5184,7.842,-3.64,-0.875,halve_timestop,4,60.0,830.97
MC.PA,eu_large,LONG,2017-04-13,2017-04-18,209.8233,206.0835,1.9802,-7.41,-1.782,halve_timestop,5,61.67,830.97
MC.PA,eu_large,LONG,2017-04-13,2017-04-24,209.8233,214.5312,1.9802,-0.68,-0.163,target,11,61.67,415.48
CL=F,commodity,LONG,2017-04-13,2017-04-24,52.9821,49.1069,7.842,-40.39,-9.721,max_hold_11d,11,60.0,415.48
NVDA,us_large,LONG,2017-04-27,2017-05-02,2.6145,2.5805,156.272,-5.31,-1.3,halve_timestop,5,60.0,817.15
NVDA,us_large,LONG,2017-04-27,2017-05-03,2.6145,2.5997,156.272,-12.31,-3.013,stagnant_6d,6,60.0,408.58
MC.PA,eu_large,LONG,2017-05-09,2017-05-12,234.2341,230.9213,1.7323,-5.74,-1.414,halve_timestop,3,61.67,811.51
AAPL,us_large,LONG,2017-05-15,2017-05-18,39.1,38.0397,10.3189,-10.94,-2.712,halve_timestop,3,60.0,806.94
MC.PA,eu_large,LONG,2017-05-09,2017-05-19,234.2341,228.5273,1.7323,-19.89,-4.901,max_hold_10d,10,61.67,405.75
NVDA,us_large,LONG,2017-05-16,2017-05-19,3.418,3.3915,117.7315,-3.12,-0.776,halve_timestop,3,60.0,804.82
NVDA,us_large,LONG,2017-05-16,2017-05-23,3.418,3.4172,117.7315,-10.1,-2.51,stagnant_7d,7,60.0,402.41
AAPL,us_large,LONG,2017-05-15,2017-05-25,39.1,38.3713,10.3189,-17.52,-4.342,max_hold_10d,10,60.0,403.47
NVDA,us_large,LONG,2017-05-25,2017-05-26,3.5088,3.5875,226.2507,7.81,0.984,target,1,60.0,793.86
AMZN,us_large,LONG,2017-05-26,2017-05-30,49.8744,49.7104,7.9113,-1.3,-0.329,halve_timestop,4,60.0,789.14
GOOGL,us_large,LONG,2017-05-26,2017-05-30,49.724,49.684,7.9352,-0.32,-0.08,halve_timestop,4,60.0,789.14
AMZN,us_large,LONG,2017-05-26,2017-05-31,49.8744,49.6067,7.9113,-12.12,-3.071,stagnant_5d,5,60.0,394.57
GOOGL,us_large,LONG,2017-05-26,2017-06-02,49.724,49.6815,7.9352,-10.34,-2.62,stagnant_7d,7,60.0,394.57
NVDA,us_large,LONG,2017-05-30,2017-06-02,3.6015,3.582,109.5019,-2.13,-0.54,halve_timestop,3,61.67,788.74
NVDA,us_large,LONG,2017-05-30,2017-06-05,3.6015,3.6823,109.5019,-1.15,-0.292,target,6,61.67,394.37
AMZN,us_large,LONG,2017-06-01,2017-06-06,50.0543,50.0246,15.6295,-10.46,-1.338,stagnant_5d,5,60.0,782.32
JNJ,us_large,LONG,2017-06-07,2017-06-12,131.3275,131.4905,5.9082,-9.04,-1.165,stagnant_5d,5,60.0,775.91
MSFT,us_large,LONG,2017-06-09,2017-06-12,72.2201,69.6055,5.3567,-14.01,-3.62,halve_timestop,3,60.0,773.72
MSFT,us_large,LONG,2017-06-09,2017-06-19,72.2201,70.6928,5.3567,-18.18,-4.7,max_hold_10d,10,60.0,386.86
JNJ,us_large,LONG,2017-06-14,2017-06-22,132.8413,135.8219,5.7715,7.2,0.939,target,8,61.67,766.69
NVDA,us_large,LONG,2017-06-20,2017-06-23,3.9857,3.8361,95.9424,-14.35,-3.752,halve_timestop,3,60.0,764.79
NVDA,us_large,LONG,2017-06-20,2017-06-30,3.9857,3.605,95.9424,-46.53,-12.167,max_hold_10d,10,60.0,382.4
JNJ,us_large,LONG,2017-06-27,2017-06-30,136.8413,131.9593,2.7661,-13.5,-3.568,halve_timestop,3,61.67,757.04
JNJ,us_large,LONG,2017-06-27,2017-07-07,136.8413,132.2086,2.7661,-22.81,-6.027,max_hold_10d,10,61.67,378.52
JPM,us_large,LONG,2017-07-06,2017-07-10,93.7739,92.957,5.3058,-4.33,-0.871,halve_timestop,4,65.0,995.1
JPM,us_large,LONG,2017-07-06,2017-07-17,93.7739,91.1615,5.3058,-23.86,-4.796,max_hold_11d,11,65.0,497.55
NVDA,us_large,LONG,2017-07-17,2017-07-20,4.1686,4.177,88.682,0.74,0.201,halve_timestop,3,60.0,739.37
NVDA,us_large,LONG,2017-07-17,2017-07-24,4.1686,4.1434,88.682,-12.24,-3.311,stagnant_7d,7,60.0,369.68
ASML.AS,eu_large,LONG,2017-07-21,2017-07-24,132.2799,131.3707,2.7758,-2.52,-0.687,halve_timestop,3,61.67,734.36
ASML.AS,eu_large,LONG,2017-07-21,2017-07-26,132.2799,132.0191,2.7758,-10.72,-2.921,stagnant_5d,5,61.67,367.18
V,us_large,LONG,2017-07-24,2017-07-27,99.7989,99.3211,3.6699,-1.75,-0.479,halve_timestop,3,61.67,732.5
BA,stress,LONG,2017-07-26,2017-07-27,224.0387,229.0656,3.2462,6.32,0.869,target,1,60.0,727.28
V,us_large,LONG,2017-07-24,2017-07-31,99.7989,99.3111,3.6699,-11.79,-3.219,stagnant_7d,7,61.67,366.25
META,us_large,LONG,2017-08-02,2017-08-08,170.7258,170.8019,4.2273,-9.68,-1.341,stagnant_6d,6,60.0,721.71
GAP,us_midsmall,LONG,2017-09-14,2017-09-18,28.2505,27.8302,12.7211,-5.35,-1.487,halve_timestop,4,60.0,718.75
GAP,us_midsmall,LONG,2017-09-14,2017-09-22,28.2505,28.2891,12.7211,-9.51,-2.646,stagnant_8d,8,60.0,359.38
BA,stress,LONG,2017-09-19,2017-09-25,253.7127,253.6842,2.8153,-10.08,-1.411,stagnant_6d,6,60.0,714.28
GAP,us_midsmall,LONG,2017-09-26,2017-10-03,29.2329,28.8876,16.2035,-5.6,-1.181,halve_timestop,7,65.0,947.35
ASML.AS,eu_large,LONG,2017-09-29,2017-10-03,144.4101,144.438,2.4597,0.07,0.019,halve_timestop,4,61.67,710.41
ASML.AS,eu_large,LONG,2017-09-29,2017-10-04,144.4101,144.7373,2.4597,-9.2,-2.589,stagnant_5d,5,61.67,355.2
GAP,us_midsmall,LONG,2017-09-26,2017-10-06,29.2329,29.3165,16.2035,-8.64,-1.825,max_hold_10d,10,65.0,473.68
NVDA,us_large,LONG,2017-10-12,2017-10-16,4.7889,4.8964,146.3807,5.73,0.817,target,4,60.0,701.01
NESN.SW,eu_large,LONG,2017-10-16,2017-10-19,85.1123,83.6903,4.1191,-5.86,-1.671,halve_timestop,3,60.0,701.17
NVDA,us_large,LONG,2017-10-17,2017-10-20,4.9396,4.9102,70.6214,-2.07,-0.595,halve_timestop,3,61.67,697.68
NVDA,us_large,LONG,2017-10-17,2017-10-23,4.9396,4.9032,70.6214,-12.57,-3.603,stagnant_6d,6,61.67,348.84
JNJ,us_large,LONG,2017-10-19,2017-10-24,141.0618,141.2859,4.9405,-8.89,-1.276,stagnant_5d,5,60.0,696.92
NESN.SW,eu_large,LONG,2017-10-16,2017-10-26,85.1123,82.593,4.1191,-20.38,-5.812,max_hold_10d,10,60.0,350.59
JPM,us_large,LONG,2017-10-27,2017-10-30,101.6836,101.1565,3.3703,-1.78,-0.518,halve_timestop,3,60.0,685.4
JPM,us_large,LONG,2017-10-27,2017-11-02,101.6836,101.336,3.3703,-11.17,-3.26,stagnant_6d,6,60.0,342.7
MC.PA,eu_large,LONG,2017-10-30,2017-11-02,254.0836,254.3126,1.346,0.31,0.09,halve_timestop,3,60.0,683.99
MC.PA,eu_large,LONG,2017-10-30,2017-11-07,254.0836,259.7846,1.346,-2.33,-0.68,target,8,60.0,341.99
NVDA,us_large,LONG,2017-11-02,2017-11-07,5.1629,5.2787,131.8492,5.27,0.775,target,5,61.67,680.72
NVDA,us_large,LONG,2017-11-08,2017-11-10,5.3095,5.4286,127.3439,5.17,0.765,target,2,61.67,676.13
AAPL,us_large,LONG,2017-11-06,2017-11-14,43.2002,42.7279,7.8461,-3.71,-1.093,halve_timestop,8,60.0,677.9
AAPL,us_large,LONG,2017-11-06,2017-11-16,43.2002,42.6681,7.8461,-14.18,-4.182,max_hold_10d,10,60.0,338.95
NVDA,us_large,LONG,2017-11-13,2017-11-16,5.417,5.277,62.3337,-8.73,-2.584,halve_timestop,3,60.0,675.32
NVDA,us_large,LONG,2017-11-13,2017-11-21,5.417,5.3877,62.3337,-11.82,-3.502,stagnant_8d,8,60.0,337.66
GAP,us_midsmall,LONG,2017-11-21,2017-11-24,30.075,29.5659,11.0578,-5.63,-1.693,halve_timestop,3,60.0,665.13
GAP,us_midsmall,LONG,2017-11-21,2017-11-27,30.075,30.7498,11.0578,-2.54,-0.763,target,6,60.0,332.56
GAP,us_midsmall,LONG,2017-11-28,2017-11-29,30.1753,30.8523,21.8634,4.8,0.728,target,1,60.0,659.73
AMZN,us_large,LONG,2017-11-28,2017-12-01,60.3946,57.9722,5.4619,-13.23,-4.011,halve_timestop,3,61.67,659.73
MSFT,us_large,LONG,2017-11-29,2017-12-04,84.9218,80.8773,3.8753,-15.67,-4.763,halve_timestop,5,60.0,658.2
GAP,us_midsmall,LONG,2017-11-30,2017-12-04,31.7893,32.5025,20.4565,4.59,0.706,target,4,61.67,650.3
AMZN,us_large,LONG,2017-11-28,2017-12-08,60.3946,57.9547,5.4619,-23.33,-7.071,max_hold_10d,10,61.67,329.87
MSFT,us_large,LONG,2017-11-29,2017-12-11,84.9218,85.0169,3.8753,-9.63,-2.927,max_hold_12d,12,60.0,329.1
GAP,us_midsmall,LONG,2017-12-08,2017-12-11,33.8344,33.516,9.5232,-3.03,-0.941,halve_timestop,3,61.67,644.42
BA,stress,LONG,2017-12-11,2017-12-13,286.9255,293.3634,2.2354,4.39,0.685,target,2,60.0,641.38
GAP,us_midsmall,LONG,2017-12-08,2017-12-18,33.8344,34.5935,9.5232,-2.77,-0.86,target,10,61.67,322.21
BA,stress,LONG,2017-12-14,2017-12-21,294.0834,294.2924,2.1735,-9.55,-1.493,stagnant_7d,7,61.67,639.18
GAP,us_midsmall,LONG,2017-12-19,2017-12-22,34.7166,34.3539,9.1789,-3.33,-1.045,halve_timestop,3,60.0,637.32
GAP,us_midsmall,LONG,2017-12-19,2017-12-29,34.7166,33.9749,9.1789,-16.81,-5.275,max_hold_10d,10,60.0,318.66
BA,stress,LONG,2018-01-08,2018-01-09,309.4317,316.3745,2.0334,4.12,0.654,target,1,60.0,629.2
NVDA,us_large,LONG,2018-01-09,2018-01-12,5.5694,5.5606,56.3724,-0.5,-0.158,halve_timestop,3,61.67,627.92
AMZN,us_large,LONG,2018-01-10,2018-01-12,62.4131,63.8135,10.0374,4.06,0.647,target,2,60.0,626.46
XOM,us_large,LONG,2018-01-10,2018-01-16,87.2175,86.7526,7.1828,-13.34,-2.129,stagnant_6d,6,61.67,626.46
NVDA,us_large,LONG,2018-01-09,2018-01-19,5.5694,5.6944,56.3724,-2.96,-0.941,target,10,61.67,313.96
JNJ,us_large,LONG,2018-01-17,2018-01-22,148.2096,147.7696,4.1852,-11.84,-1.909,stagnant_5d,5,60.0,620.29
AMZN,us_large,LONG,2018-01-18,2018-01-23,64.8592,66.3145,9.5436,3.89,0.628,target,5,60.0,618.99
V,us_large,LONG,2018-01-22,2018-01-26,123.1772,125.941,5.0065,3.84,0.622,target,4,60.0,616.69
XOM,us_large,LONG,2018-01-24,2018-01-29,88.7112,87.79,3.4636,-3.19,-1.038,halve_timestop,5,60.0,614.53
GOOGL,us_large,LONG,2018-01-23,2018-01-30,58.6773,58.7213,10.5177,-9.54,-1.545,stagnant_7d,7,60.0,617.15
XOM,us_large,LONG,2018-01-24,2018-02-01,88.7112,88.8473,3.4636,-9.53,-3.101,stagnant_8d,8,60.0,307.26
JPM,us_large,LONG,2018-01-29,2018-02-01,116.31,116.5778,2.6382,0.71,0.23,halve_timestop,3,60.0,613.7
NVDA,us_large,LONG,2018-02-01,2018-02-05,5.9779,5.3291,50.6984,-32.89,-10.853,halve_timestop,4,61.67,606.14
JPM,us_large,LONG,2018-01-29,2018-02-08,116.31,107.6103,2.6382,-32.95,-10.739,max_hold_10d,10,60.0,306.85
NVDA,us_large,LONG,2018-02-01,2018-02-12,5.9779,5.6865,50.6984,-24.77,-8.174,max_hold_11d,11,61.67,303.07
ASML.AS,eu_large,LONG,2018-03-16,2018-03-19,173.9839,171.0214,1.6897,-5.01,-1.703,halve_timestop,3,60.0,587.97
ASML.AS,eu_large,LONG,2018-03-16,2018-03-21,173.9839,173.8643,1.6897,-10.2,-3.47,stagnant_5d,5,60.0,293.98
SHEL.L,eu_large,LONG,2018-04-11,2018-04-16,2381.94,2356.5938,0.1223,-3.1,-1.064,halve_timestop,5,60.0,582.68
SHEL.L,eu_large,LONG,2018-04-11,2018-04-17,2381.94,2377.0425,0.1223,-10.6,-3.638,stagnant_6d,6,60.0,291.34
MC.PA,eu_large,LONG,2018-04-17,2018-04-20,281.2012,278.5519,1.0293,-2.73,-0.942,halve_timestop,3,60.0,578.86
MC.PA,eu_large,LONG,2018-04-17,2018-04-23,281.2012,280.3474,1.0293,-10.88,-3.759,stagnant_6d,6,60.0,289.43
MC.PA,eu_large,LONG,2018-05-02,2018-05-07,290.8754,290.2226,1.9685,-11.28,-1.971,stagnant_5d,5,60.0,572.59
CL=F,commodity,LONG,2018-05-07,2018-05-10,70.0246,71.5958,8.1594,2.82,0.494,target,3,60.0,571.36
MC.PA,eu_large,LONG,2018-05-08,2018-05-11,292.6799,292.866,0.9716,0.18,0.064,halve_timestop,3,61.67,568.76
CLF,us_midsmall,LONG,2018-05-11,2018-05-14,8.421,8.3591,33.6493,-2.08,-0.736,halve_timestop,3,60.0,566.72
MC.PA,eu_large,LONG,2018-05-08,2018-05-16,292.6799,299.2469,0.9716,-3.62,-1.273,target,8,61.67,284.38
CLF,us_midsmall,LONG,2018-05-11,2018-05-16,8.421,8.6099,33.6493,-3.64,-1.285,target,5,60.0,283.36
CLF,us_midsmall,LONG,2018-05-17,2018-05-18,8.7017,8.8969,64.4637,2.59,0.461,target,1,60.0,560.94
ASML.AS,eu_large,LONG,2018-05-18,2018-05-21,172.2295,170.6224,1.6311,-2.62,-0.933,halve_timestop,3,60.0,561.84
CLF,us_midsmall,LONG,2018-05-21,2018-05-24,8.6315,8.399,32.2567,-7.5,-2.694,halve_timestop,3,60.0,556.85
ASML.AS,eu_large,LONG,2018-05-18,2018-05-25,172.2295,171.7196,1.6311,-10.83,-3.856,stagnant_7d,7,60.0,280.92
MC.PA,eu_large,LONG,2018-05-23,2018-05-28,308.2688,302.7413,0.8989,-4.97,-1.793,halve_timestop,5,60.0,554.2
CLF,us_midsmall,LONG,2018-05-21,2018-05-31,8.6315,8.8252,32.2567,-3.75,-1.348,target,10,60.0,278.42
MC.PA,eu_large,LONG,2018-05-23,2018-06-04,308.2688,303.7388,0.8989,-14.07,-5.078,max_hold_12d,12,60.0,277.1
NVDA,us_large,LONG,2018-06-06,2018-06-11,6.5521,6.4992,83.068,-14.39,-2.644,stagnant_5d,5,60.0,544.27
AMZN,us_large,LONG,2018-06-06,2018-06-11,85.4386,84.2449,3.1851,-3.8,-1.397,halve_timestop,5,60.0,544.27
AMZN,us_large,LONG,2018-06-06,2018-06-12,85.4386,84.7252,3.1851,-12.27,-4.51,stagnant_6d,6,60.0,272.13
SAP.DE,eu_large,LONG,2018-06-07,2018-06-12,99.4781,101.7101,5.4444,2.15,0.397,target,5,60.0,541.6
SAP.DE,eu_large,LONG,2018-06-14,2018-06-15,102.255,104.5493,5.2225,1.98,0.371,target,1,60.0,534.02
AMZN,us_large,LONG,2018-06-15,2018-06-18,85.9142,85.974,3.1085,0.19,0.07,halve_timestop,3,61.67,534.12
AMZN,us_large,LONG,2018-06-15,2018-06-20,85.9142,87.8419,3.1085,-4.01,-1.501,target,5,61.67,267.06
SAP.DE,eu_large,LONG,2018-06-18,2018-06-21,103.3176,101.1664,2.5708,-5.53,-2.082,halve_timestop,3,60.0,531.21
AMZN,us_large,LONG,2018-06-21,2018-06-25,88.22,82.9496,2.9885,-15.75,-5.974,halve_timestop,4,61.67,527.29
SAP.DE,eu_large,LONG,2018-06-18,2018-06-28,103.3176,97.0368,2.5708,-26.15,-9.844,max_hold_10d,10,60.0,265.61
AMZN,us_large,LONG,2018-06-21,2018-07-02,88.22,85.4748,2.9885,-18.2,-6.905,max_hold_11d,11,61.67,263.64
NVDA,us_large,LONG,2018-07-11,2018-07-16,6.2531,6.1895,41.0518,-2.61,-1.017,halve_timestop,5,61.67,513.4
BA,stress,LONG,2018-07-16,2018-07-19,354.8549,354.4417,0.7209,-0.3,-0.116,halve_timestop,3,60.0,511.65
NVDA,us_large,LONG,2018-07-11,2018-07-20,6.2531,6.2566,41.0518,-9.86,-3.84,stagnant_9d,9,61.67,256.7
AMZN,us_large,LONG,2018-07-17,2018-07-20,90.8044,90.4583,2.7999,-0.97,-0.381,halve_timestop,3,61.67,508.48
BA,stress,LONG,2018-07-16,2018-07-23,354.8549,352.3868,0.7209,-11.78,-4.604,stagnant_7d,7,60.0,255.83
AMZN,us_large,LONG,2018-07-17,2018-07-25,90.8044,92.8419,2.7999,-4.3,-1.69,target,8,61.67,254.24
JPM,us_large,LONG,2018-07-30,2018-08-02,116.5707,115.8596,2.1443,-1.52,-0.61,halve_timestop,3,60.0,499.93
JPM,us_large,LONG,2018-07-30,2018-08-06,116.5707,116.8272,2.1443,-9.45,-3.781,stagnant_7d,7,60.0,249.96
NVDA,us_large,LONG,2018-08-07,2018-08-10,6.416,6.3538,38.5975,-2.4,-0.969,halve_timestop,3,60.0,495.28
NVDA,us_large,LONG,2018-08-07,2018-08-13,6.416,6.387,38.5975,-11.12,-4.49,stagnant_6d,6,60.0,247.64
JPM,us_large,LONG,2018-08-08,2018-08-13,117.6233,113.6053,2.0994,-8.44,-3.416,halve_timestop,5,60.0,493.87
JPM,us_large,LONG,2018-08-08,2018-08-20,117.6233,114.3335,2.0994,-16.91,-6.847,max_hold_12d,12,60.0,246.94
AAPL,us_large,LONG,2018-08-21,2018-08-24,54.3355,53.9049,4.4488,-1.92,-0.792,halve_timestop,3,60.0,483.45
AAPL,us_large,LONG,2018-08-21,2018-08-27,54.3355,54.3488,4.4488,-9.94,-4.112,stagnant_6d,6,60.0,241.73
AAPL,us_large,LONG,2018-08-29,2018-08-30,55.1751,56.4131,8.647,0.7,0.148,target,1,60.0,477.1
AAPL,us_large,LONG,2018-08-31,2018-09-04,56.7691,56.9473,4.1966,0.75,0.314,halve_timestop,4,60.0,476.47
V,us_large,LONG,2018-08-27,2018-09-05,145.3525,142.3133,1.6511,-5.02,-2.091,halve_timestop,9,60.0,479.97
AAPL,us_large,LONG,2018-08-31,2018-09-05,56.7691,56.5757,4.1966,-10.81,-4.538,stagnant_5d,5,60.0,238.23
AMZN,us_large,LONG,2018-08-31,2018-09-05,100.6009,99.4916,2.3681,-2.63,-1.103,halve_timestop,5,60.0,476.47
V,us_large,LONG,2018-08-27,2018-09-06,145.3525,144.1388,1.6511,-12.0,-5.002,max_hold_10d,10,60.0,239.98
AMZN,us_large,LONG,2018-08-31,2018-09-10,100.6009,96.7081,2.3681,-19.22,-8.067,max_hold_10d,10,60.0,238.23
XOM,us_large,LONG,2018-09-21,2018-09-25,85.2225,87.1347,5.4087,0.34,0.074,target,4,60.0,460.94
JNJ,us_large,LONG,2018-09-24,2018-09-27,142.4553,137.8745,1.6124,-7.39,-3.216,halve_timestop,3,61.67,459.4
XOM,us_large,LONG,2018-09-26,2018-10-01,86.235,85.5955,5.2896,-13.38,-2.934,stagnant_5d,5,60.0,456.15
CLF,us_midsmall,LONG,2018-09-28,2018-10-01,12.7819,12.7381,17.7005,-0.78,-0.343,halve_timestop,3,60.0,452.49
JNJ,us_large,LONG,2018-09-24,2018-10-04,142.4553,139.0016,1.6124,-15.57,-6.778,max_hold_10d,10,61.67,229.7
CLF,us_midsmall,LONG,2018-09-28,2018-10-08,12.7819,12.369,17.7005,-17.31,-7.65,max_hold_10d,10,60.0,226.25
AAPL,us_large,LONG,2018-10-04,2018-10-08,57.8392,55.8026,3.8678,-7.88,-3.521,halve_timestop,4,60.0,447.42
AAPL,us_large,LONG,2018-10-04,2018-10-15,57.8392,54.2042,3.8678,-24.06,-10.755,max_hold_11d,11,60.0,223.71
V,us_large,LONG,2019-01-09,2019-01-14,138.6458,136.7573,1.5725,-2.97,-1.362,halve_timestop,5,61.67,436.04
V,us_large,LONG,2019-01-09,2019-01-18,138.6458,138.1538,1.5725,-10.77,-4.942,stagnant_9d,9,61.67,218.02
MOS,us_midsmall,LONG,2019-02-01,2019-02-04,32.4108,31.8701,6.6487,-3.59,-1.668,halve_timestop,3,60.0,430.98
MOS,us_midsmall,LONG,2019-02-01,2019-02-06,32.4108,32.3788,6.6487,-10.21,-4.739,stagnant_5d,5,60.0,215.49
NESN.SW,eu_large,LONG,2019-02-22,2019-02-25,91.9092,90.8523,3.0893,-3.27,-1.15,halve_timestop,3,65.0,567.88
NESN.SW,eu_large,LONG,2019-02-22,2019-03-04,91.9092,90.8124,3.0893,-13.39,-4.715,max_hold_10d,10,65.0,283.94
XOM,us_large,LONG,2019-03-04,2019-03-07,80.4406,79.9596,2.6225,-1.26,-0.598,halve_timestop,3,60.0,421.9
NESN.SW,eu_large,LONG,2019-03-08,2019-03-11,92.9117,92.548,2.2447,-0.82,-0.391,halve_timestop,3,60.0,417.11
XOM,us_large,LONG,2019-03-04,2019-03-12,80.4406,79.8,2.6225,-11.68,-5.537,stagnant_8d,8,60.0,210.95
NESN.SW,eu_large,LONG,2019-03-08,2019-03-13,92.9117,92.8872,2.2447,-10.05,-4.821,stagnant_5d,5,60.0,208.55
MC.PA,eu_large,LONG,2019-03-15,2019-03-18,317.6421,316.3571,0.6467,-0.83,-0.405,halve_timestop,3,60.0,410.84
MC.PA,eu_large,LONG,2019-03-15,2019-03-20,317.6421,317.4045,0.6467,-10.15,-4.943,stagnant_5d,5,60.0,205.42
NESN.SW,eu_large,LONG,2019-03-20,2019-03-25,94.636,93.9046,4.3109,-13.15,-3.224,stagnant_5d,5,61.67,407.97
MC.PA,eu_large,LONG,2019-03-26,2019-03-29,320.4491,327.6392,1.2567,-0.96,-0.239,target,3,60.0,402.72
MSFT,us_large,LONG,2019-04-04,2019-04-08,120.4002,119.6302,1.6656,-1.28,-0.64,halve_timestop,4,60.0,401.07
V,us_large,LONG,2019-04-04,2019-04-08,158.9263,157.3556,1.2618,-1.98,-0.988,halve_timestop,4,60.0,401.07
MSFT,us_large,LONG,2019-04-04,2019-04-10,120.4002,119.8895,1.6656,-10.85,-5.411,stagnant_6d,6,60.0,200.54
V,us_large,LONG,2019-04-04,2019-04-10,158.9263,158.1636,1.2618,-10.96,-5.467,stagnant_6d,6,60.0,200.54
MSFT,us_large,LONG,2019-04-22,2019-04-25,122.9266,125.6847,3.1833,-1.22,-0.312,target,3,60.0,391.31
MC.PA,eu_large,LONG,2019-04-25,2019-04-29,348.87,344.4866,0.5601,-2.46,-1.256,halve_timestop,4,61.67,390.8
GOOGL,us_large,LONG,2019-04-25,2019-04-30,63.6738,59.7981,3.0688,-11.89,-6.087,halve_timestop,5,60.0,390.8
MC.PA,eu_large,LONG,2019-04-25,2019-04-30,348.87,348.1774,0.5601,-10.39,-5.316,stagnant_5d,5,61.67,195.4
AMZN,us_large,LONG,2019-04-29,2019-05-02,97.6936,94.8034,1.9776,-5.72,-2.958,halve_timestop,3,60.0,386.4
GOOGL,us_large,LONG,2019-04-25,2019-05-06,63.6738,59.5238,3.0688,-22.74,-11.635,max_hold_11d,11,60.0,195.4
AMZN,us_large,LONG,2019-04-29,2019-05-06,97.6936,97.2837,1.9776,-10.81,-5.596,stagnant_7d,7,60.0,193.2
MSFT,us_large,LONG,2019-05-02,2019-05-06,128.3,127.8296,1.4609,-0.69,-0.367,halve_timestop,4,60.0,374.86
MSFT,us_large,LONG,2019-05-02,2019-05-13,128.3,123.0416,1.4609,-17.68,-9.434,max_hold_11d,11,60.0,187.43
GPRO,stress,LONG,2019-05-10,2019-05-13,7.0476,6.6134,26.0594,-11.31,-6.16,halve_timestop,3,60.0,367.31
GPRO,stress,LONG,2019-05-10,2019-05-14,7.0476,7.2057,26.0594,-5.88,-3.201,target,4,60.0,183.66
V,us_large,LONG,2019-06-10,2019-06-13,172.2696,168.9266,1.044,-3.49,-1.941,halve_timestop,3,60.0,359.69
MC.PA,eu_large,LONG,2019-06-10,2019-06-13,360.9,354.3619,0.4983,-3.26,-1.812,halve_timestop,3,61.67,359.69
AAPL,us_large,LONG,2019-06-12,2019-06-17,48.6087,48.3513,7.3214,-11.88,-3.339,stagnant_5d,5,60.0,355.89
MC.PA,eu_large,LONG,2019-06-10,2019-06-18,360.9,368.9977,0.4983,-5.96,-3.317,target,8,61.67,179.85
V,us_large,LONG,2019-06-10,2019-06-20,172.2696,173.3057,1.044,-8.92,-4.959,max_hold_10d,10,60.0,179.85
MC.PA,eu_large,LONG,2019-06-19,2019-06-24,370.925,370.3219,0.9383,-10.57,-3.036,stagnant_5d,5,63.33,348.04
MSFT,us_large,LONG,2019-06-24,2019-06-27,137.3425,133.8146,1.2571,-4.43,-2.569,halve_timestop,3,60.0,345.3
META,us_large,LONG,2019-06-24,2019-06-27,192.901,197.2293,1.79,-2.25,-0.652,target,3,60.0,345.3
MC.PA,eu_large,LONG,2019-06-26,2019-07-01,371.5766,379.9139,0.911,-2.4,-0.71,target,5,60.0,338.51
CL=F,commodity,LONG,2019-06-28,2019-07-01,59.3681,58.9423,2.8301,-1.2,-0.717,halve_timestop,3,60.0,336.03
MSFT,us_large,LONG,2019-06-24,2019-07-02,137.3425,136.2386,1.2571,-11.39,-6.596,stagnant_8d,8,60.0,172.65
CL=F,commodity,LONG,2019-06-28,2019-07-08,59.3681,57.5158,2.8301,-15.24,-9.072,max_hold_10d,10,60.0,168.02
V,us_large,LONG,2019-07-03,2019-07-08,176.44,175.7495,1.8642,-11.29,-3.432,stagnant_5d,5,60.0,328.93
AMZN,us_large,LONG,2019-07-09,2019-07-10,97.6335,99.8241,3.3339,-2.7,-0.828,target,1,60.0,325.5
MC.PA,eu_large,LONG,2019-07-02,2019-07-12,378.0929,383.04,0.881,-5.64,-1.694,max_hold_10d,10,60.0,333.1
AMZN,us_large,LONG,2019-07-11,2019-07-15,101.5342,100.7969,1.5922,-1.17,-0.726,halve_timestop,4,60.0,323.33
MC.PA,eu_large,LONG,2019-07-15,2019-07-18,384.96,381.8929,0.4158,-1.28,-0.797,halve_timestop,3,61.67,320.13
AMZN,us_large,LONG,2019-07-11,2019-07-22,101.5342,99.0333,1.5922,-13.98,-8.649,max_hold_11d,11,60.0,161.66
MC.PA,eu_large,LONG,2019-07-15,2019-07-22,384.96,383.838,0.4158,-10.47,-6.539,stagnant_7d,7,61.67,160.06
NESN.SW,eu_large,LONG,2019-08-20,2019-08-23,109.5733,107.6303,1.424,-2.77,-1.773,halve_timestop,3,60.0,312.06
NESN.SW,eu_large,LONG,2019-08-20,2019-08-27,109.5733,108.7873,1.424,-11.12,-7.126,stagnant_7d,7,60.0,156.03
NVDA,us_large,LONG,2019-08-26,2019-08-29,4.1506,4.1646,37.1381,0.52,0.336,halve_timestop,3,60.0,308.29
NVDA,us_large,LONG,2019-08-26,2019-08-30,4.1506,4.2437,37.1381,-6.54,-4.244,target,4,60.0,154.15
NESN.SW,eu_large,LONG,2019-09-02,2019-09-09,110.9767,110.523,2.731,-11.24,-3.708,stagnant_7d,7,60.0,303.08
ASML.AS,eu_large,LONG,2019-09-11,2019-09-12,218.8959,223.8074,1.37,-3.27,-1.091,target,1,60.0,299.89
ASML.AS,eu_large,LONG,2019-09-17,2019-09-23,224.4096,224.7368,1.3275,-9.57,-3.211,stagnant_6d,6,60.0,297.9
AAPL,us_large,LONG,2019-10-14,2019-10-17,58.8718,58.6729,2.5052,-0.5,-0.338,halve_timestop,3,60.0,294.97
AAPL,us_large,LONG,2019-10-14,2019-10-22,58.8718,60.1927,2.5052,-6.69,-4.537,target,8,60.0,147.48
JPM,us_large,LONG,2019-10-28,2019-10-31,126.8864,124.6077,1.1463,-2.61,-1.796,halve_timestop,3,60.0,290.89
AAPL,us_large,LONG,2019-10-29,2019-11-01,62.3981,63.7982,4.6357,-3.51,-1.213,target,3,60.0,289.26
JPM,us_large,LONG,2019-10-28,2019-11-05,126.8864,129.7334,1.1463,-6.74,-4.632,target,8,60.0,145.44
AAPL,us_large,LONG,2019-11-04,2019-11-07,64.4933,64.6954,2.2144,0.45,0.313,halve_timestop,3,61.67,285.63
META,us_large,LONG,2019-11-05,2019-11-08,195.8584,190.3629,0.7256,-3.99,-2.806,halve_timestop,3,60.0,284.22
MC.PA,eu_large,LONG,2019-11-06,2019-11-11,401.5514,402.2419,0.6997,-9.52,-3.387,stagnant_5d,5,61.67,280.98
AAPL,us_large,LONG,2019-11-04,2019-11-13,64.4933,65.9404,2.2144,-6.8,-4.758,target,9,61.67,142.81
META,us_large,LONG,2019-11-05,2019-11-15,195.8584,194.6123,0.7256,-10.9,-7.673,max_hold_10d,10,60.0,142.11
MC.PA,eu_large,LONG,2019-11-12,2019-11-15,404.9097,404.4863,0.3392,-0.14,-0.105,halve_timestop,3,61.67,274.67
AAPL,us_large,LONG,2019-11-14,2019-11-20,66.1023,65.633,4.113,-11.93,-4.388,stagnant_6d,6,60.0,271.88
MC.PA,eu_large,LONG,2019-11-12,2019-11-22,404.9097,395.2594,0.3392,-13.27,-9.665,max_hold_10d,10,61.67,137.34
MSFT,us_large,LONG,2019-11-19,2019-11-22,151.2572,149.216,0.8862,-1.81,-1.349,halve_timestop,3,60.0,268.1
MSFT,us_large,LONG,2019-11-19,2019-11-25,151.2572,150.8519,0.8862,-10.36,-7.728,stagnant_6d,6,60.0,134.05
META,us_large,LONG,2019-11-29,2019-12-02,202.104,199.2007,0.6413,-1.86,-1.437,halve_timestop,3,60.0,259.22
MC.PA,eu_large,LONG,2019-11-28,2019-12-02,409.02,395.5586,0.3169,-4.27,-3.291,halve_timestop,4,60.0,259.22
META,us_large,LONG,2019-11-29,2019-12-06,202.104,200.5474,0.6413,-11.0,-8.486,stagnant_7d,7,60.0,129.61
MC.PA,eu_large,LONG,2019-11-28,2019-12-09,409.02,398.2519,0.3169,-13.41,-10.348,max_hold_11d,11,60.0,129.61
JPM,us_large,LONG,2019-12-09,2019-12-12,134.9666,137.9949,1.8544,-4.38,-1.752,target,3,60.0,250.28
GOOGL,us_large,LONG,2019-12-10,2019-12-13,67.1645,67.1751,1.8386,0.02,0.016,halve_timestop,3,60.0,246.98
GOOGL,us_large,LONG,2019-12-10,2019-12-20,67.1645,67.3921,1.8386,-9.58,-7.759,max_hold_10d,10,60.0,123.49
AAPL,us_large,LONG,2019-12-17,2019-12-20,70.0672,69.6854,1.7392,-0.66,-0.545,halve_timestop,3,61.67,243.72
AAPL,us_large,LONG,2019-12-17,2019-12-26,70.0672,71.6394,1.7392,-7.27,-5.962,target,9,61.67,121.86
NVDA,us_large,LONG,2019-12-23,2019-12-26,6.028,5.9648,19.7212,-1.25,-1.049,halve_timestop,3,63.33,237.76
MSFT,us_large,LONG,2019-12-17,2019-12-27,155.8386,158.5626,1.5639,-5.74,-2.355,max_hold_10d,10,60.0,243.72
AAPL,us_large,LONG,2019-12-27,2019-12-30,72.9619,72.6978,1.6015,-0.42,-0.362,halve_timestop,3,61.67,233.69
NVDA,us_large,LONG,2019-12-23,2020-01-02,6.028,5.9828,19.7212,-10.89,-9.163,max_hold_10d,10,63.33,118.88
AAPL,us_large,LONG,2019-12-27,2020-01-02,72.9619,74.599,1.6015,-7.38,-6.315,target,6,61.67,116.85
MC.PA,eu_large,LONG,2019-12-30,2020-01-02,420.2981,418.1021,0.2739,-0.6,-0.522,halve_timestop,3,61.67,230.25
AAPL,us_large,LONG,2020-01-03,2020-01-07,74.4732,74.411,1.4996,-0.09,-0.084,halve_timestop,4,60.0,223.37
MC.PA,eu_large,LONG,2019-12-30,2020-01-08,420.2981,417.753,0.2739,-10.7,-9.292,stagnant_9d,9,61.67,115.12
CL=F,commodity,LONG,2020-01-07,2020-01-08,63.0673,64.4823,3.5187,-5.02,-2.262,target,1,60.0,221.92
AAPL,us_large,LONG,2020-01-03,2020-01-09,74.4732,76.1442,1.4996,-7.49,-6.71,target,6,60.0,111.68
GC=F,commodity,LONG,2020-01-09,2020-01-13,1559.5892,1544.529,0.0695,-1.05,-0.966,halve_timestop,4,60.0,216.84
AAPL,us_large,LONG,2020-01-10,2020-01-14,77.8441,77.9746,1.373,0.18,0.168,halve_timestop,4,60.0,213.75
GC=F,commodity,LONG,2020-01-09,2020-01-15,1559.5892,1548.2197,0.0695,-10.79,-9.952,stagnant_6d,6,60.0,108.42
AAPL,us_large,LONG,2020-01-10,2020-01-15,77.8441,77.6404,1.373,-10.28,-9.618,stagnant_5d,5,60.0,106.88
NVDA,us_large,LONG,2020-01-13,2020-01-16,6.207,6.2077,17.099,0.01,0.011,halve_timestop,3,61.67,212.27
NVDA,us_large,LONG,2020-01-13,2020-01-21,6.207,6.183,17.099,-10.41,-9.808,stagnant_8d,8,61.67,106.13
V,us_large,LONG,2020-01-16,2020-01-21,201.5025,206.0237,1.0138,-5.42,-2.652,target,5,60.0,204.28
AAPL,us_large,LONG,2020-01-16,2020-01-24,78.5935,80.3569,2.5992,-5.42,-2.652,target,8,61.67,204.28
GOOGL,us_large,LONG,2020-01-22,2020-01-27,74.6727,71.4075,1.3256,-4.33,-4.373,halve_timestop,5,60.0,197.97
JNJ,us_large,LONG,2020-01-22,2020-01-29,147.0667,150.3666,1.3461,-5.56,-2.808,target,7,60.0,197.97
AAPL,us_large,LONG,2020-01-27,2020-01-29,77.7088,79.4524,2.492,-5.65,-2.92,target,2,61.67,193.65
GOOGL,us_large,LONG,2020-01-22,2020-02-03,74.6727,73.9447,1.3256,-10.97,-11.078,max_hold_12d,12,60.0,98.98
JNJ,us_large,LONG,2020-02-06,2020-02-10,154.6356,151.4804,0.6045,-1.91,-2.04,halve_timestop,4,60.0,186.97
MSFT,us_large,LONG,2020-02-10,2020-02-11,184.039,188.1683,1.005,-5.85,-3.163,target,1,60.0,184.97
AMZN,us_large,LONG,2020-02-10,2020-02-11,104.5111,106.8561,1.7698,-5.85,-3.163,target,1,61.67,184.97
JNJ,us_large,LONG,2020-02-06,2020-02-18,154.6356,148.7671,0.6045,-13.55,-14.492,max_hold_12d,12,60.0,93.48
AMZN,us_large,LONG,2020-02-12,2020-02-18,108.4304,107.514,1.6479,-11.51,-6.442,stagnant_6d,6,61.67,178.69
MSFT,us_large,LONG,2020-02-12,2020-02-20,186.044,183.9589,0.4802,-1.0,-1.121,halve_timestop,8,61.67,178.69
NVDA,us_large,LONG,2020-02-19,2020-02-20,7.5561,7.7256,22.8077,-6.13,-3.559,target,1,61.67,172.34
MSFT,us_large,LONG,2020-02-12,2020-02-24,186.044,170.4628,0.4802,-17.48,-19.568,max_hold_12d,12,61.67,89.34
GC=F,commodity,LONG,2020-02-20,2020-02-24,1610.5162,1646.6522,0.1067,-6.14,-3.573,target,4,61.67,171.91
NVDA,us_large,LONG,2020-02-21,2020-02-24,7.6238,6.8149,10.9248,-8.84,-10.609,halve_timestop,3,61.67,166.58
NVDA,us_large,LONG,2020-02-21,2020-03-02,7.6238,6.8935,10.9248,-17.98,-21.586,max_hold_10d,10,61.67,83.29
GC=F,commodity,LONG,2020-02-26,2020-03-02,1648.11,1588.3193,0.0476,-2.85,-3.628,halve_timestop,5,61.67,156.97
GC=F,commodity,LONG,2020-02-26,2020-03-03,1648.11,1637.9947,0.0476,-10.48,-13.355,stagnant_6d,6,61.67,78.48
GC=F,commodity,LONG,2020-04-15,2020-04-20,1743.7485,1697.346,0.0433,-2.01,-2.661,halve_timestop,5,60.0,151.03
AMZN,us_large,LONG,2020-04-16,2020-04-20,117.5933,120.2318,1.2698,-6.65,-4.453,target,4,60.0,149.32
MSFT,us_large,LONG,2020-04-17,2020-04-20,179.9487,174.6223,0.412,-2.19,-2.96,halve_timestop,3,60.0,148.26
GC=F,commodity,LONG,2020-04-15,2020-04-23,1743.7485,1728.9668,0.0433,-10.64,-14.09,stagnant_8d,8,60.0,75.52
AMZN,us_large,LONG,2020-04-21,2020-04-24,121.1326,120.2097,0.5834,-0.54,-0.762,halve_timestop,3,61.67,141.33
MSFT,us_large,LONG,2020-04-17,2020-04-27,179.9487,173.6149,0.412,-12.61,-17.009,max_hold_10d,10,60.0,74.13
AMZN,us_large,LONG,2020-04-21,2020-05-01,121.1326,114.0162,0.5834,-14.15,-20.026,max_hold_10d,10,61.67,70.66
AMZN,us_large,LONG,2020-05-11,2020-05-14,119.0318,119.1439,0.5596,0.06,0.094,halve_timestop,3,60.0,133.21
AAPL,us_large,LONG,2020-05-12,2020-05-15,79.6561,76.7352,0.8282,-2.42,-3.667,halve_timestop,3,60.0,131.95
MSFT,us_large,LONG,2020-05-12,2020-05-15,187.267,182.7021,0.3523,-1.61,-2.438,halve_timestop,3,60.0,131.95
AMZN,us_large,LONG,2020-05-11,2020-05-19,119.0318,121.7026,0.5596,-8.51,-12.77,target,8,60.0,66.61
AAPL,us_large,LONG,2020-05-12,2020-05-20,79.6561,79.608,0.8282,-10.04,-15.218,stagnant_8d,8,60.0,65.98
MSFT,us_large,LONG,2020-05-12,2020-05-22,187.267,183.0512,0.3523,-11.49,-17.408,max_hold_10d,10,60.0,65.98
NVDA,us_large,LONG,2020-05-20,2020-05-26,9.0135,8.696,6.7665,-2.15,-3.523,halve_timestop,6,60.0,121.98
AMZN,us_large,LONG,2020-05-21,2020-05-26,125.3125,120.7903,0.4755,-2.15,-3.609,halve_timestop,5,60.0,119.16
NVDA,us_large,LONG,2020-05-20,2020-06-01,9.0135,8.7842,6.7665,-11.55,-18.94,max_hold_12d,12,60.0,60.99
AMZN,us_large,LONG,2020-05-21,2020-06-01,125.3125,123.2431,0.4755,-10.98,-18.435,max_hold_11d,11,60.0,59.58
MC.PA,eu_large,LONG,2020-06-04,2020-06-05,392.98,401.7975,0.2776,-7.55,-6.923,target,1,60.0,109.09
AAPL,us_large,LONG,2020-06-04,2020-06-08,81.3002,83.1244,1.3418,-7.55,-6.923,target,4,60.0,109.09
AAPL,us_large,LONG,2020-06-09,2020-06-10,83.2426,85.1103,1.6352,-6.95,-5.103,target,1,65.0,136.12
MC.PA,eu_large,LONG,2020-06-08,2020-06-11,402.0025,374.1623,0.1309,-3.65,-6.925,halve_timestop,3,60.0,105.27
RRC,us_midsmall,LONG,2020-06-09,2020-06-12,7.6992,6.4538,8.8399,-11.01,-16.175,halve_timestop,3,65.0,136.12
MC.PA,eu_large,LONG,2020-06-08,2020-06-18,402.0025,376.3567,0.1309,-13.36,-25.378,max_hold_10d,10,60.0,52.64
RRC,us_midsmall,LONG,2020-06-09,2020-06-19,7.6992,6.2444,8.8399,-22.86,-33.589,max_hold_10d,10,65.0,68.06
AAPL,us_large,LONG,2020-06-24,2020-06-29,91.4781,90.2189,0.6388,-0.8,-1.377,halve_timestop,5,65.0,116.87
AAPL,us_large,LONG,2020-06-24,2020-06-30,91.4781,90.972,0.6388,-10.32,-17.667,stagnant_6d,6,65.0,58.43
AAPL,us_large,LONG,2020-08-05,2020-08-06,109.6509,112.1112,1.009,-7.52,-6.795,target,1,65.0,110.64
AAPL,us_large,LONG,2020-08-11,2020-08-13,112.2499,114.7685,0.9544,-7.6,-7.09,target,2,65.0,107.14
AAPL,us_large,LONG,2020-09-01,2020-09-02,133.0919,136.0781,0.7785,-7.68,-7.407,target,1,65.0,103.62
MC.PA,eu_large,LONG,2020-12-15,2020-12-18,511.7762,498.3011,0.0978,-1.32,-2.633,halve_timestop,3,65.0,100.08
MC.PA,eu_large,LONG,2020-12-15,2020-12-28,511.7762,502.74,0.0978,-10.88,-21.749,max_hold_13d,13,65.0,50.04
